site,MLE,Lower,Upper,LogL_global,LogL_local
1,0.290832619856,0.0165662585023,1.2919101199,-10.2491664203,-9.06038161738
2,1.05632368336,0.259800772575,2.81690087483,-19.301260102,-19.2969663438
3,5.09564448933,2.01940533853,11.8293273245,-43.6240768971,-38.4512066466
4,3.76794522497,1.32578540193,8.44508189599,-29.0405938243,-26.159237407
5,0.314412894813,0.0179087963034,1.39632286474,-9.45810043229,-8.4460668578
6,1.13810128453,0.277407373825,3.1058213742,-18.8167876938,-18.7939255917
7,0,0,0.628530743448,-5.43410347008,-2.4008189247
8,5.84366339768,2.44602414915,11.8817237232,-40.5640748335,-34.2244362788
9,6.91916290855,3.21992909021,14.8371363528,-51.5865619117,-41.8187385734
10,8.87854810842,3.96576977108,19.1500473336,-50.378885801,-39.1071393771
11,0,0,0.729357589357,-5.64991497085,-3.02609668545
12,0.501337715363,0.0285340426764,2.23706742542,-9.30503765398,-9.00477535998
13,2.07502921113,0.728050880781,4.66120667617,-25.2360786435,-24.2220181873
14,0,0,0.524936209184,-7.01116467193,-3.36973608738
15,0.860959003438,0.0490442547745,3.81059912996,-9.42904661973,-9.41724763584
16,0,0,0.729357589357,-5.64991497085,-3.02609668545
17,4.19434342014,1.30404330774,9.79639443741,-27.1430777207,-24.4505544747
18,0,0,0.557999814896,-6.7018711164,-3.27567719148
19,1.19816830756,0.294004081308,3.21190216202,-15.285269559,-15.2408962817
20,0,0,0.638196430029,-5.84885785581,-2.85249454674
21,2.17807501959,0.768762425143,4.84583458593,-26.6416011248,-25.4897130151
22,2.56073757524,0.989906817687,5.4794587013,-35.3929540552,-33.5084319074
23,0.771658088216,0.12752112035,2.42581480522,-15.4704006536,-15.398275244
24,2.88042899996,1.19954584444,5.92553898574,-31.1235313664,-28.4456487839
25,3.95250597889,1.36265091106,9.06868058339,-28.1347635466,-25.1652721904
26,0.618105052857,0.102201533919,1.93421019176,-13.588980882,-13.31947761
27,1.09596490053,0.178713225991,3.56445120326,-15.3458773449,-15.3380834351
28,2.10522290512,0.820853858297,4.4379259723,-27.8898804392,-26.6253187576
29,0,0,1.31749470803,-4.45860440098,-2.9988618867
30,0.48573069362,0.0274596076612,2.22469199724,-8.49901558516,-8.17440309888
31,0.346738694517,0.0196561525912,1.56774132308,-8.73831287778,-7.93952267778
32,0.352870782821,0.0199890044673,1.60069952856,-12.4545235151,-11.6897418953
33,0.338596297671,0.0191798315762,1.53270051927,-8.46949786259,-7.62784798
34,0,0,0.908925529016,-4.34073507679,-2.23176667103
35,0,0,0.628530743448,-5.43410347008,-2.4008189247
36,2.82529565883,1.17154280716,5.87430758675,-30.6078794721,-28.0347395908
37,0.98209252488,0.239718182201,2.67060077529,-14.2788724168,-14.2784053311
38,0.3299614491,0.0187281767255,1.48906312529,-14.1707503055,-13.277084039
39,0,0,0.908925529016,-4.34073507679,-2.23176667103
40,0,0,0.648464375216,-5.68252457165,-2.74409054712
41,0,0,0.638196430029,-5.84885785581,-2.85249454674
42,0,0,0.648464375216,-5.68252457165,-2.74409054712
43,4.4502568783,1.5385517907,10.1170837375,-28.4667847232,-25.0495273134
44,0.48573069362,0.02742421337,2.22536282185,-10.9366045921,-10.6114677939
45,0,0,0.557999814896,-6.7018711164,-3.27567719148
46,0.478263221059,0.027074194727,2.17360446037,-6.82899613604,-6.48605712793
47,0,0,0.908925529016,-4.34073507679,-2.23176667103
48,0,0,0.648464375216,-5.68252457165,-2.74409054712
49,0,0,0.908925529016,-4.34073507679,-2.23176667103
50,1.02926637638,0.169627459668,3.25737413268,-18.0754463936,-18.0746396786
51,0,0,0.675716574674,-5.79276001307,-2.9584913643
52,0.34287174479,0.0194324482726,1.55201866239,-8.6239298834,-7.80577405919
53,0.832119792863,0.137096812924,2.63605135156,-16.9943529022,-16.9592982519
54,1.0453154688,0.256548523341,2.80016594162,-14.83657203,-14.8337691577
55,0,0,0.729357589357,-5.64991497085,-3.02609668545
56,0.821308728304,0.135520894718,2.59056925009,-11.7631788872,-11.7226418606
57,0,0,0.683591547308,-5.5479837367,-2.75245529685
58,0,0,0.908925529016,-4.34073507679,-2.23176667103
59,0.396691659559,0.0226005711853,1.75923274278,-10.1211359002,-9.5295712332
60,0,0,0.638196430029,-5.84885785581,-2.85249454674
61,0,0,0.648464375216,-5.68252457165,-2.74409054712
62,0,0,1.65053724858,-4.1743888973,-3.00785798911
63,0,0,0.557999814896,-6.7018711164,-3.27567719148
64,0,0,0.908925529016,-4.34073507679,-2.23176667103
65,0,0,0.915856284438,-5.44714272973,-3.3517314858
66,0,0,0.584432652228,-6.0476204639,-2.79536192105
67,0.692750700832,0.113724785324,2.21613734654,-10.8817729614,-10.73481581
68,0,0,0.628530743448,-5.43410347008,-2.4008189247
69,0,0,0.908925529016,-4.34073507679,-2.23176667103
70,0,0,0.628530743448,-5.43410347008,-2.4008189247
71,0.341439771373,0.0193497427217,1.5460601195,-9.68705648776,-8.86153908844
72,0,0,0.675716574674,-5.79276001307,-2.9584913643
73,0,0,0.863620357687,-5.51289181201,-3.29235218481
74,0.48573069362,0.027433400888,2.22636464141,-10.3788387128,-10.0540858392
75,0,0,0.584432652228,-6.0476204639,-2.79536192105
76,0,0,0.648464375216,-5.68252457165,-2.74409054712
77,0,0,1.65053724858,-4.1743888973,-3.00785798911
78,0.736583975674,0.121710216795,2.31804701584,-15.0409731153,-14.939242505
79,1.8974374933,0.661391989904,4.32619223562,-21.4500758077,-20.660916424
80,0,0,0.648464375216,-5.68252457165,-2.74409054712
81,0,0,0.524936209184,-7.01116467193,-3.36973608738
82,0,0,1.31749470803,-4.45860440098,-2.9988618867
83,0.90474385101,0.223396278967,2.38862428124,-16.2837390043,-16.2685347434
84,0.295754498035,0.0168322205233,1.31736450472,-9.09377238677,-7.94928824964
85,0.309875464709,0.0175578796348,1.40499945761,-12.0690375952,-11.0533362135
86,1.00734576084,0.165362754229,3.23758469075,-11.6086014789,-11.6085497565
87,0,0,0.915856284438,-5.44714272973,-3.3517314858
88,0,0,0.908925529016,-4.34073507679,-2.23176667103
89,6.51797108005,2.94267562006,13.4363265759,-46.1711641495,-37.6040936395
90,2.4271596206,0.951773319937,5.06094624923,-32.7342293882,-30.9879272664
91,1.68562034835,0.515321792489,4.05128638916,-17.6785001069,-17.2322774789
92,4.66156894469,1.96230439342,9.41264427938,-36.1706800856,-31.0460676912
93,0.850505462476,0.0484099900562,3.78558809352,-9.9066856425,-9.89293223056
94,1.58669142211,0.482637999387,3.88935574841,-25.785056436,-25.4342614648
95,0,0,0.908925529016,-4.34073507679,-2.23176667103
96,2.11998450374,0.365513877784,6.35655548048,-15.3619879142,-14.8946563143
97,0.826353763724,0.136225149307,2.6138641345,-14.19090659,-14.1530313243
98,1.63176725473,0.273512867209,5.01616105792,-13.6338667896,-13.4265105699
99,0.474279951596,0.0268068012437,2.17049306727,-11.5499888838,-11.200296471
100,0,0,1.55143740006,-4.88523251867,-3.64597766689
101,0.491564625808,0.0277755355533,2.25389144233,-9.6570184353,-9.34462105892
102,0,0,0.958722209916,-5.01210228117,-3.0096669621
103,0,0,1.49042326677,-5.0558044927,-3.76577264647
104,0,0,0.908925529016,-4.34073507679,-2.23176667103
105,0,0,0.628530743448,-5.43410347008,-2.4008189247
106,0,0,0.524936209184,-7.01116467193,-3.36973608738
107,0,0,0.863620357687,-5.51289181201,-3.29235218481
108,0,0,0.915856284438,-5.44714272973,-3.3517314858
109,0,0,0.648464375216,-5.68252457165,-2.74409054712
110,0,0,0.675716574674,-5.79276001307,-2.9584913643
111,0,0,0.628530743448,-5.43410347008,-2.4008189247
112,0,0,0.638196430029,-5.84885785581,-2.85249454674
113,0,0,0.675716574674,-5.79276001307,-2.9584913643
114,0,0,0.628530743448,-5.43410347008,-2.4008189247
115,0,0,0.584432652228,-6.0476204639,-2.79536192105
116,0,0,0.958722209916,-5.01210228117,-3.0096669621
117,0,0,0.628530743448,-5.43410347008,-2.4008189247
118,0,0,0.648464375216,-5.68252457165,-2.74409054712
119,0,0,0.958722209916,-5.01210228117,-3.0096669621
120,0,0,0.584432652228,-6.0476204639,-2.79536192105
121,0.490500351759,0.0277053561544,2.2507816579,-9.94813484418,-9.63371459064
122,0,0,1.55143740006,-4.88523251867,-3.64597766689
123,0,0,0.584432652228,-6.0476204639,-2.79536192105
124,0,0,0.863620357687,-5.51289181201,-3.29235218481
125,0,0,0.772975947872,-5.41761718097,-2.93974507573
126,0,0,0.915856284438,-5.44714272973,-3.3517314858
127,0,0,0.772975947872,-5.41761718097,-2.93974507573
128,0,0,0.628530743448,-5.43410347008,-2.4008189247
129,0.341091481607,0.0193207483861,1.54259561435,-8.38987099007,-7.56075289684
130,0,0,0.5608819783,-6.73644063642,-3.32656026006
131,0,0,0.5608819783,-6.73644063642,-3.32656026006
132,0,0,1.31749470803,-4.45860440098,-2.9988618867
133,0,0,0.908925529016,-4.34073507679,-2.23176667103
134,0.822614150044,0.134722391769,2.65090833911,-13.0781487482,-13.0391302371
135,0,0,0.915856284438,-5.44714272973,-3.3517314858
136,0,0,0.908925529016,-4.34073507679,-2.23176667103
137,1.77717576255,0.544375476745,4.2742618666,-21.5146107799,-20.9793111942
138,0,0,0.915856284438,-5.44714272973,-3.3517314858
139,0,0,0.772975947872,-5.41761718097,-2.93974507573
140,0,0,0.638196430029,-5.84885785581,-2.85249454674
141,0,0,0.683591547308,-5.5479837367,-2.75245529685
142,0,0,0.638196430029,-5.84885785581,-2.85249454674
143,0,0,0.772975947872,-5.41761718097,-2.93974507573
144,0,0,0.675716574674,-5.79276001307,-2.9584913643
145,0.71558760347,0.117819694318,2.27239056695,-12.5092674351,-12.3874946853
146,2.73543906195,1.08299428984,5.73893394431,-31.9179568944,-29.6999238549
147,0,0,0.638196430029,-5.84885785581,-2.85249454674
148,0,0,0.584432652228,-6.0476204639,-2.79536192105
149,0.449477366911,0.0254159727153,2.0535407828,-8.93828186972,-8.52812894625
150,2.63290554634,0.619710170478,7.43926226717,-19.8656684765,-18.902567629
151,0.374674265051,0.0213394253511,1.66475729144,-8.59009356528,-7.90974598762
152,0,0,1.49042326677,-5.0558044927,-3.76577264647
153,1.03370288833,0.170064107723,3.28780934769,-11.8425673932,-11.84150806
154,0.995569327687,0.16233996676,3.25158455783,-14.628543929,-14.6285251161
155,0.687908466849,0.113292910273,2.18259790516,-11.6651081587,-11.5108035204
156,1.14896328412,0.187845297947,3.69826505222,-15.0036247913,-14.9857786332
157,0,0,0.908925529016,-4.34073507679,-2.23176667103
158,0,0,1.49042326677,-5.0558044927,-3.76577264647
159,2.05223066687,0.724968240764,4.60642945225,-24.441737499,-23.4442550562
160,0,0,0.584432652228,-6.0476204639,-2.79536192105
161,0,0,1.31749470803,-4.45860440098,-2.9988618867
162,0,0,0.584432652228,-6.0476204639,-2.79536192105
163,1.02291386349,0.167030058241,3.32858184759,-14.7091190314,-14.7086315886
164,1.69017769885,0.278642010155,5.3246567212,-12.2301258484,-12.0008705282
165,0,0,1.49042326677,-5.0558044927,-3.76577264647
166,2.28139125731,0.808995045178,5.01580307617,-26.2650195603,-24.9762430623
167,1.89134740032,0.584103503325,4.52144018604,-27.3723632298,-26.7169914183
168,0,0,0.958722209916,-5.01210228117,-3.0096669621
169,4.08590358532,1.91964278352,8.17745789301,-52.7461478919,-46.8737352332
170,5.37436131645,2.45695641892,11.2874852265,-47.7789339462,-40.4489000086
171,6.14983125237,2.82337135827,12.1195183159,-48.4068497131,-40.2259490425
172,3.62726953683,1.61985927693,7.144047638,-39.8211679314,-35.469959268
173,3.14434636352,1.17534346685,7.40014746032,-36.6520591372,-34.1354881865
174,8.54064732893,3.97754872033,18.8334439388,-60.1585881008,-48.2474175226
175,9.1303735762,4.10250609364,18.71247963,-57.5374955429,-46.0067850255
176,1.72449985207,0.525890864564,4.1564821031,-21.4945173791,-21.0141185067
177,3.27418411827,1.36960808675,6.74700672667,-33.5464446099,-30.2560917096
178,1.09704601791,0.1844191294,3.37550422197,-15.3201360649,-15.3116781804
179,0.357366151495,0.0202914472212,1.60651314478,-9.42441740498,-8.67367947517
180,0,0,1.55143740006,-4.88523251867,-3.64597766689
181,0,0,0.729357589357,-5.64991497085,-3.02609668545
182,0,0,0.638196430029,-5.84885785581,-2.85249454674
183,0,0,0.863620357687,-5.51289181201,-3.29235218481
184,0,0,0.958722209916,-5.01210228117,-3.0096669621
185,0,0,0.915856284438,-5.44714272973,-3.3517314858
186,0.892168772294,0.146462778555,2.85200461135,-14.2211653992,-14.208086437
187,0,0,0.648464375216,-5.68252457165,-2.74409054712
188,0,0,0.638196430029,-5.84885785581,-2.85249454674
189,0,0,1.49042326677,-5.0558044927,-3.76577264647
190,0,0,0.958722209916,-5.01210228117,-3.0096669621
191,0,0,0.683591547308,-5.5479837367,-2.75245529685
192,2.37362425932,0.90528905944,5.17789266553,-24.0150477844,-22.4327460065
193,0,0,0.524936209184,-7.01116467193,-3.36973608738
194,0,0,0.638196430029,-5.84885785581,-2.85249454674
195,0,0,0.675716574674,-5.79276001307,-2.9584913643
196,0,0,0.584432652228,-6.0476204639,-2.79536192105
197,0,0,0.584432652228,-6.0476204639,-2.79536192105
198,0,0,0.557999814896,-6.7018711164,-3.27567719148
199,0,0,0.958722209916,-5.01210228117,-3.0096669621
200,0,0,0.915856284438,-5.44714272973,-3.3517314858
201,0,0,0.908925529016,-4.34073507679,-2.23176667103
202,0,0,1.31749470803,-4.45860440098,-2.9988618867
203,0,0,0.638196430029,-5.84885785581,-2.85249454674
204,1.60984676906,0.389766689199,4.46501682036,-16.5809756411,-16.3044547794
205,0,0,0.908925529016,-4.34073507679,-2.23176667103
206,0,0,0.524936209184,-7.01116467193,-3.36973608738
207,0,0,0.908925529016,-4.34073507679,-2.23176667103
208,0,0,1.49042326677,-5.0558044927,-3.76577264647
209,0,0,0.958722209916,-5.01210228117,-3.0096669621
210,0,0,0.915856284438,-5.44714272973,-3.3517314858
211,2.67234718955,1.0429151038,5.63200135642,-30.1000643062,-28.0271850479
212,0.736074820057,0.121259012965,2.33447730365,-11.2179002834,-11.1165967717
213,0,0,0.584432652228,-6.0476204639,-2.79536192105
214,0,0,0.915856284438,-5.44714272973,-3.3517314858
215,0.739975118903,0.122087465008,2.33524403654,-10.6359574599,-10.5378038708
216,0,0,0.675716574674,-5.79276001307,-2.9584913643
217,0,0,0.648464375216,-5.68252457165,-2.74409054712
218,1.70419530761,0.520454124238,4.11084996934,-28.2183750513,-27.7554216398
219,0.970633422607,0.239366540432,2.57494557435,-21.7830936763,-21.7817813336
220,0,0,0.761325850605,-6.25908932612,-3.73913484619
221,0,0,1.55143740006,-4.88523251867,-3.64597766689
222,0,0,0.5608819783,-6.73644063642,-3.32656026006
223,0.396691659559,0.0226005711853,1.75923274278,-10.1211359002,-9.5295712332
224,0,0,0.772975947872,-5.41761718097,-2.93974507573
225,0.815453089859,0.13487678584,2.56507461979,-14.7153228132,-14.6714614387
226,0.489374823282,0.0276932002588,2.22319126324,-7.4024163978,-7.08265047447
227,1.44608234059,0.436617742637,3.59215868853,-22.1980736528,-21.9719840842
228,0.940228206032,0.231788249814,2.49195400096,-15.0296610076,-15.0239946706
229,3.54662432344,1.07271939545,8.67668208787,-24.7181921443,-22.603999308
230,0,0,0.628530743448,-5.43410347008,-2.4008189247
231,0.484755160394,0.0274354997504,2.20590797759,-10.0820574104,-9.7532654822
232,0,0,1.31749470803,-4.45860440098,-2.9988618867
233,1.06988411035,0.261304009694,2.90468632654,-16.9729121022,-16.9665314089
234,0,0,0.958722209916,-5.01210228117,-3.0096669621
235,0.715797715577,0.117509413413,2.29563648798,-16.7764548103,-16.6560926502
236,0.798011312316,0.131322894685,2.53471323168,-13.4685926618,-13.4152345948
237,2.88512246807,1.12938627126,6.21295759895,-31.8338323221,-29.4574024079
238,1.58669142211,0.483548282034,3.84823633525,-19.3277430722,-18.9743001667
239,2.88356958557,1.00356464634,6.68849900409,-28.0877232646,-26.1557289792
240,3.56384468654,1.50806111991,7.16826299049,-30.3488768205,-26.5780581352
241,2.21007461856,0.538665595338,5.94453320433,-17.0971066231,-16.3847141231
242,0.813031797611,0.133948654339,2.57449332181,-12.9926679929,-12.9478922346
243,0.628352269433,0.103756688201,1.97726262346,-12.7134033877,-12.4656380739
244,4.73252294269,1.78571096693,10.4875063953,-33.9216724155,-29.6392120879
245,0.364310438382,0.0206712354158,1.64192938529,-10.0434417944,-9.3278725395
246,3.04939836555,1.25021856113,6.52706695067,-40.9684306337,-38.1148040438
247,6.09938766327,2.41077108446,12.6922772109,-38.0398548006,-32.2237067866
248,3.51105197156,1.49933320181,7.02387075724,-39.2442619536,-35.4808598876
249,0.8411096579,0.139146661219,2.63823131446,-12.2865730322,-12.2552944061
250,0.360773743045,0.0204883467641,1.62067359294,-8.20592635196,-7.47100117929
251,3.51170683383,1.10169765463,8.22987407294,-24.1276098195,-21.9312211763
252,2.89638218588,0.718033400787,7.60458153082,-18.8253797058,-17.6053373625
253,1.14896328412,0.281591174773,3.10231463378,-17.9894647949,-17.9626331074
254,0.907749994326,0.152728236818,2.78499380502,-12.8619684144,-12.8521011701
255,0.703013681853,0.115839903269,2.23350456372,-12.147897854,-12.0126848111
256,3.60241249954,1.18775398031,8.24677636112,-25.6263995109,-23.185512519
257,1.50030169197,0.246133674269,4.81610546455,-14.3777931408,-14.2370051622
258,0.829857326825,0.136738645028,2.64216975586,-15.4114874989,-15.3759799932
259,1.74936897418,0.534921904543,4.2344094168,-22.0912068586,-21.5836155491
260,2.48981753818,0.748380133591,6.29687484336,-26.8245729109,-25.6358018926
261,0,0,0.683591547308,-5.5479837367,-2.75245529685
262,0.392246412017,0.0222770259401,1.76135345572,-13.2390366491,-12.6385203045
263,2.0221996309,0.644381476508,4.77383742101,-24.6594688603,-23.835473085
264,4.1926953047,1.59035766686,9.75178755607,-36.7809503995,-32.9980929744
265,0.766869810683,0.126384086324,2.43291346101,-11.7120857949,-11.6375040649
266,0,0,0.863620357687,-5.51289181201,-3.29235218481
267,1.88631050204,0.586485637727,4.42702560058,-24.1048719872,-23.4451868305
268,3.84366480767,1.29918225599,9.93254986009,-28.9962781904,-26.1974723258
269,2.07326020813,0.342429837214,6.51670102891,-15.8492205288,-15.4306317059
270,3.69825611027,0.916583815865,9.66001907796,-21.4807409305,-19.7530505743
271,4.15826671165,1.46544369437,9.23504769975,-28.2467575524,-24.9974332458
272,2.57017876728,0.901354899027,5.83203814035,-27.0756439219,-25.4751892382
273,3.87291499716,1.31995955289,9.19974695621,-29.2850239493,-26.4337675254
274,1.17800790549,0.288021015223,3.17544851961,-17.1049972841,-17.0686696692
275,3.39076843767,1.19904978369,7.51990160915,-27.8468044928,-25.3202655923
276,2.53688806151,0.765379766464,6.28433456459,-20.9945796423,-19.7540008968
277,1.1854378132,0.292057739627,3.16011465944,-19.53756767,-19.4978602276
278,1.68563849256,0.59686647532,3.73433212093,-25.0001666075,-24.4389691023
279,3.71471940617,1.47057692689,7.69553828977,-33.3841723935,-29.9106485026
280,3.78054671358,1.33046790529,8.45200858434,-26.8159646322,-23.9232803081
281,9.83361665697,4.50337881223,23.0008138775,-54.0293225893,-41.2527035699
282,0.787386382184,0.12987975835,2.4950255093,-12.3837233595,-12.3237970964
283,2.64450835088,1.10545102206,5.39514764687,-37.5980720009,-35.2704493736
284,2.78282382126,1.06372678821,6.12860184718,-31.7905573549,-29.6474228821
285,0.703013681853,0.11589218642,2.23033185733,-12.2398751268,-12.1044274234
286,0.689804744115,0.0392597487172,3.0721446637,-8.4771449455,-8.3994349985
287,5.95718957723,2.72524811533,12.1630229777,-50.9871327417,-42.9164547134
288,2.78339356104,0.986431898181,6.26885805989,-31.3525358203,-29.4761902311
289,2.18165783484,0.580972763533,5.57123565765,-19.4653770306,-18.6835973948
290,0.79162555026,0.131043967623,2.4855808631,-14.2377725676,-14.1794339436
291,0.945238581716,0.233274843237,2.49941782616,-16.9271379768,-16.9223969607
292,1.34113651204,0.331269776722,3.56157077472,-17.6277558981,-17.5122946327
293,1.75303822233,0.534845640485,4.22730076577,-22.3361937421,-21.8279036124
294,3.81026271679,1.53703328425,7.81232954467,-32.6020070013,-28.8930443641
295,7.46502345148,3.1606090266,14.9860789775,-46.11436764,-38.2255825937
296,0.839165019081,0.137680116339,2.68131574874,-14.2930233622,-14.2615712289
297,2.9309825902,1.09218948624,6.71353315482,-32.0854966056,-29.849263692
298,4.17885855901,1.80538733202,8.42456909866,-42.535787358,-37.7234654997
299,1.18911390911,0.289646941935,3.24608928985,-20.4768399833,-20.4364260419
300,5.59105198268,2.14546957641,14.2826076822,-43.1250854158,-37.6440639045
301,2.58822387912,0.915651106834,5.75046041602,-31.8397687837,-30.1933528368
302,3.16721369513,0.778339633907,8.42199939464,-19.6944307596,-18.3106468377
303,1.8289328574,0.446619610335,4.95919110395,-16.7348851277,-16.298270579
304,1.6346886986,0.270346840182,5.1319239389,-15.0636847292,-14.859305553
305,1.87171351339,0.456074723823,5.12000468718,-18.4596794155,-17.9940070946
306,2.55632941555,1.00038659825,5.39460148795,-28.5655683282,-26.6436188931
307,4.82596721306,2.19258501322,9.74570492322,-39.5306337602,-33.0627645433
308,1.80651959341,0.543883579261,4.50777141117,-23.5514273088,-23.0070195638
309,1.63332212744,0.577321030775,3.63362671868,-35.9516065149,-35.4547644385
310,4.93575234382,2.32119388794,10.2203550849,-51.8745342366,-44.6034770782
311,1.8101050245,0.639152207247,4.03698692873,-28.3674466027,-27.6626040772
312,3.74190288262,1.64838090887,7.48212790057,-46.5146978299,-42.0969889467
313,4.93247342127,2.23125892654,10.1198492797,-54.1677472188,-47.584605169
314,2.1380968955,0.748420956432,4.79877700452,-29.5660488245,-28.4808974105
315,1.22909575012,0.3008848811,3.31012825092,-17.6751276245,-17.6176588115
316,2.62726979295,0.644180518042,7.08226791804,-19.8675788443,-18.8496011769
317,2.52163684715,0.971086404243,5.48081358708,-31.3434313576,-29.5260161968
318,9.9767169486,4.45456905633,18.8082543919,-49.857168784,-39.7368455817
319,3.17757918536,1.20879372431,7.06000077351,-35.5792660368,-32.9510848598
320,6.66053569456,2.56608721019,14.4057091296,-38.6183484324,-32.5429267309
321,2.97313691713,1.05234392721,6.61795359898,-32.9958171862,-30.9100942094
322,5.13427717162,2.41796803949,10.3243658733,-49.4599961418,-41.8779055418
323,0.736598254715,0.121691280563,2.31579431992,-12.0528605881,-11.9511375615
324,6.03668232788,2.71997657547,12.5272458282,-54.8175785007,-46.5051502012
325,2.72991247773,1.13954887719,5.58678014387,-37.0857045683,-34.62954391
326,1.59962439076,0.566311261609,3.54420033004,-28.3177235082,-27.8577532767
327,3.45099113147,1.31579089114,7.60958903329,-29.5202224412,-26.5512528079
328,2.12032927506,0.743485080351,4.83388643875,-26.5666661779,-25.4999923118
329,3.07021432366,1.27425382633,6.38451345241,-34.3530945919,-31.406612679
330,0.629063871924,0.104066308406,1.97003547506,-14.4653672088,-14.2174878866
331,1.22071658759,0.199536054231,3.9613539869,-14.6932834332,-14.657375216
332,3.3920797905,1.31424480696,7.25985933629,-33.2203018061,-30.2456557037
333,3.15997698279,1.32053335407,6.45594912454,-37.8268511454,-34.7117067879
334,5.10392512954,2.14637299665,10.3186798192,-37.9233541596,-32.3040762888
335,1.53482498272,0.375655922532,4.14880834921,-23.5612472647,-23.3296346063
336,1.03455283763,0.254573379496,2.74872683626,-18.4583962175,-18.4567319672
337,2.95643394897,1.00885921611,7.36618520922,-28.564315438,-26.6168178837
338,1.13031819442,0.184294198515,3.67408468815,-13.8594920448,-13.8456931821
339,2.43080240783,0.968331888953,4.99698004672,-30.2351580118,-28.4302538484
340,2.25908550974,0.878187160725,4.77893448667,-31.6508577551,-30.1725951845
341,4.52379613426,1.96783599563,9.17133213205,-45.1188631685,-39.6967434779
342,7.82062734385,3.40148433292,16.8460608159,-49.385036573,-40.3010407154
343,1.6629212402,0.523457343988,3.91311288306,-25.4825899246,-25.0338771268
344,2.87789550129,1.1818786563,6.1641898034,-35.707166049,-33.0997451776
345,1.23090994686,0.301850061416,3.30581353201,-17.6263189035,-17.5678742392
346,5.14244576563,2.51239326356,10.137017618,-54.4448042844,-46.1000772803
347,2.08917074973,0.717650517259,4.97907028656,-31.2777550034,-30.2900650689
348,0.386217763474,0.021933773984,1.73428589655,-11.120733804,-10.496644084
349,1.36168419266,0.335140362787,3.61990657658,-13.2046801862,-13.0783865983
350,1.98631983455,0.70829596772,4.34440177215,-31.8064742096,-30.8691429413
351,1.83122846428,0.636448615417,4.21106199852,-30.911976423,-30.2060971734
352,1.78241455772,0.436362180214,4.83217223268,-18.5312405805,-18.1266135124
353,2.05220566159,0.497890260423,5.7036123771,-20.9015269585,-20.3091147228
354,2.09707612813,0.647081474966,4.98135107361,-20.906799877,-20.0479078635
355,1.61866801563,0.492918527208,3.93511612596,-22.0874491571,-21.7054016313
356,0.655047344558,0.108192592972,2.05918669804,-15.074051095,-14.8713993741
357,0.690468671213,0.113666421137,2.19380470661,-12.324850011,-12.1739989856
358,3.35297610683,1.17750810696,7.59453996609,-27.7753988486,-25.3141429846
359,1.20796479068,0.297235198105,3.2251419541,-17.9192621268,-17.8702564906
360,3.78206029858,1.59366123419,7.6192020026,-33.7036487396,-29.6636890428
361,1.12748971832,0.278066004797,2.99129645166,-18.2123520268,-18.1919135753
362,1.58669142211,0.392165690074,4.17836108766,-17.2734982371,-17.0018230389
363,1.81713906784,0.574983620392,4.29878743191,-24.3006036171,-23.6956318863
364,1.1371724449,0.195337044759,3.43518611623,-13.9466469888,-13.9300095279
365,1.42337671683,0.366674076021,3.62516582758,-18.6968287408,-18.5207592049
366,3.5021055357,1.31666107141,8.25839344444,-35.4200606759,-32.4531420826
367,1.20228727078,0.293669573399,3.24757937476,-21.1343865673,-21.0886202742
368,1.44281456506,0.354584605743,3.85344278411,-18.3506903593,-18.1755805685
369,3.03207743135,0.939123908218,7.18047312596,-23.0089136059,-21.2598805291
370,2.25911501933,0.792513679692,5.06650304469,-26.9185818022,-25.6821590591
371,6.07864564092,2.07068990321,16.217594936,-45.4537572688,-40.3059645407
372,4.99948560812,1.57181823452,12.9230406376,-31.2240625966,-27.769190741
373,2.92170901825,1.13390054343,6.24242021612,-26.8196279841,-24.433907693
374,5.13151938908,1.80662754287,11.513279563,-30.1927023745,-26.1319595893
375,1.2226722808,0.299922147462,3.27667556746,-15.7883117174,-15.7333755847
376,5.31051017512,2.0259192364,12.9681621394,-39.6212737208,-34.4819198991
377,1.31756077429,0.323794107556,3.51835181201,-14.1992478839,-14.0978222395
378,1.10086835667,0.269878319745,2.96182482681,-16.466303152,-16.4533845844
379,2.35694856586,0.568860354671,6.63100197782,-20.8145651798,-20.0094412498
380,0.732851496827,0.120403074603,2.33504765419,-12.5310580128,-12.4267655929
381,3.31068316241,1.4816280986,6.48837500899,-34.4502533789,-30.5943017312
382,1.98035429484,0.622266533997,4.6571025354,-23.0155167904,-22.2505240269
383,1.78142547266,0.294265949205,5.60288626135,-13.2612722829,-12.9868107349
384,0,0,0.949496928295,-4.25236439289,-2.23176667103
385,0.970928122537,0.159915059428,3.07486742015,-17.3826610836,-17.3818025724
386,0,0,0.956036472084,-5.35987130653,-3.3517314858
387,0.339720579775,0.019280348,1.53271762452,-7.6635005989,-6.8254566196
388,0.810042923793,0.133246754526,2.57514242385,-12.2768920075,-12.2306497243
389,3.67185861026,1.41295296133,7.9341896055,-26.3965462478,-23.1238616896
390,0.355799147409,0.0202221599779,1.59349204794,-10.0720169153,-9.31024818301
391,0,0,1.55516752526,-5.00229988354,-3.76577264647
392,0.376864400129,0.0213944473041,1.69556371014,-8.08913546926,-7.42774242423
393,0,0,0.806903124665,-5.31429448097,-2.93974507573
394,1.62291789883,0.394364548326,4.44437407938,-15.0962344715,-14.8088082653
395,0,0,0.806903124665,-5.31429448097,-2.93974507573
396,0.701188067791,0.115194348906,2.2439067033,-17.5283429083,-17.3914568908
397,0,0,0.794425541208,-6.15442103939,-3.73913484619
398,0,0,0.656241881721,-5.30711836278,-2.4008189247
399,0.421684850332,0.0239461836846,1.88735898581,-7.25030616886,-6.7503852353
400,0.307656979475,0.0175126339136,1.36974048397,-10.0467698442,-8.99086407761
401,1.04499676375,0.172156997644,3.31049262633,-15.3096490411,-15.3077815735
402,1.60270530161,0.486949117994,3.90898629355,-18.1813996888,-17.8164415941
403,0.38968343639,0.0221973984963,1.73675744116,-8.61440105129,-7.99795326791
404,0,0,1.72259346559,-4.12596460076,-3.00785798911
405,0.49156755277,0.0277494574586,2.25450852696,-8.11045281614,-7.79774572847
406,0.413145286122,0.0235352317079,1.83304389333,-10.1823903342,-9.65022997503
407,1.90150059763,0.673120207173,4.27241752476,-23.4205813642,-22.6024016834
408,0.307120166158,0.0174769847415,1.36879954175,-9.31157904268,-8.25336842925
409,0,0,0.806903124665,-5.31429448097,-2.93974507573
410,0,0,0.761384591493,-5.54044048356,-3.02609668545
411,0,0,0.806903124665,-5.31429448097,-2.93974507573
412,0,0,0.713657432727,-5.4311928561,-2.75245529685
413,0,0,0.705202725309,-5.6747846398,-2.9584913643
414,0,0,0.705202725309,-5.6747846398,-2.9584913643
415,0,0,0.713657432727,-5.4311928561,-2.75245529685
416,0,0,0.585330003321,-6.59444255832,-3.32656026006
417,0,0,0.949496928295,-4.25236439289,-2.23176667103
418,0,0,1.72259346559,-4.12596460076,-3.00785798911
419,2.05918623475,0.5075304692,5.4825039967,-23.5319414371,-22.9178814405
420,0,0,0.610287768169,-5.91110068868,-2.79536192105
421,0,0,0.547812073688,-6.8594902232,-3.36973608738
422,0,0,0.705202725309,-5.6747846398,-2.9584913643
423,0,0,0.705202725309,-5.6747846398,-2.9584913643
424,0,0,1.00093481778,-4.9286237665,-3.0096669621
425,0,0,0.610287768169,-5.91110068868,-2.79536192105
426,1.07476623664,0.174824608201,3.52534204902,-12.2653802719,-12.2605563382
427,0,0,1.61879553352,-4.83384145781,-3.64597766689
428,0,0,1.55516752526,-5.00229988354,-3.76577264647
429,0.32439227198,0.018368315497,1.47498652002,-10.5691945721,-9.65021110789
430,0,0,1.3749336961,-4.39799942688,-2.9988618867
431,0,0,0.956036472084,-5.35987130653,-3.3517314858
432,0,0,1.00093481778,-4.9286237665,-3.0096669621
433,0.321492938548,0.0182193541738,1.45665059916,-7.99705047768,-7.05623400275
434,0,0,1.00093481778,-4.9286237665,-3.0096669621
435,0,0,1.00093481778,-4.9286237665,-3.0096669621
436,0,0,0.547812073688,-6.8594902232,-3.36973608738
437,0,0,0.677159259136,-5.55934436228,-2.74409054712
438,0.322321231744,0.0182593764091,1.46274856009,-8.55111954293,-7.61728265321
439,0,0,0.705202725309,-5.6747846398,-2.9584913643
440,0.521733951021,0.0296398045415,2.33930469763,-7.28076920157,-7.01891447084
441,0,0,1.61879553352,-4.83384145781,-3.64597766689
442,2.83790384683,1.08924184989,6.18684215037,-31.0930648478,-28.8617541913
443,2.06461127377,0.726497392472,4.64352397523,-25.9294681399,-24.9233588142
444,0,0,1.61879553352,-4.83384145781,-3.64597766689
445,1.70493087583,0.281566224884,5.35739252329,-14.4991234159,-14.2617901895
446,0.628352269433,0.103848235554,1.97574626758,-12.8818910804,-12.6337643049
447,0.790385941128,0.130238257197,2.50405262104,-12.4710110788,-12.4126359078
448,3.60178697521,1.42847706745,7.51170691943,-33.5329369547,-30.1795944736
449,0.745785404324,0.12205122553,2.40360213039,-14.7032716748,-14.6120182271
450,0,0,0.794425541208,-6.15442103939,-3.73913484619
451,0,0,0.547812073688,-6.8594902232,-3.36973608738
452,0,0,1.00093481778,-4.9286237665,-3.0096669621
453,0,0,0.666121332111,-5.72392335964,-2.85249454674
454,0.322910980843,0.0182935832058,1.46522988393,-9.53955508918,-8.6091887359
455,0,0,1.55516752526,-5.00229988354,-3.76577264647
456,0,0,0.949496928295,-4.25236439289,-2.23176667103
457,0,0,1.72259346559,-4.12596460076,-3.00785798911
458,0,0,0.956036472084,-5.35987130653,-3.3517314858
459,0.330842345126,0.0187339857505,1.50012758001,-8.30300726857,-7.41887637056
460,0,0,0.582338438226,-6.55913418714,-3.27567719148
461,0,0,0.656241881721,-5.30711836278,-2.4008189247
462,0,0,0.666121332111,-5.72392335964,-2.85249454674
463,0,0,0.949496928295,-4.25236439289,-2.23176667103
464,0,0,0.582338438226,-6.55913418714,-3.27567719148
465,0,0,1.3749336961,-4.39799942688,-2.9988618867
466,0,0,0.949496928295,-4.25236439289,-2.23176667103
467,0,0,0.610287768169,-5.91110068868,-2.79536192105
468,0,0,0.956036472084,-5.35987130653,-3.3517314858
469,0,0,1.3749336961,-4.39799942688,-2.9988618867
470,0,0,0.949496928295,-4.25236439289,-2.23176667103
471,0,0,1.61879553352,-4.83384145781,-3.64597766689
472,0,0,0.582338438226,-6.55913418714,-3.27567719148
473,0,0,0.761384591493,-5.54044048356,-3.02609668545
474,0,0,0.582338438226,-6.55913418714,-3.27567719148
475,0,0,1.00093481778,-4.9286237665,-3.0096669621
476,0.766869810683,0.126158930314,2.43805559335,-13.1711971419,-13.0961385621
477,0,0,0.713657432727,-5.4311928561,-2.75245529685
478,0.372784741805,0.021188533471,1.66800220694,-8.80940510521,-8.12645001431
479,0,0,1.00093481778,-4.9286237665,-3.0096669621
480,0,0,0.713657432727,-5.4311928561,-2.75245529685
481,1.63591654682,0.497794193956,3.98361240091,-19.9624725714,-19.566174981
482,0.68006017804,0.1114357633,2.19263324259,-11.7458507009,-11.584114286
483,0.511694382839,0.0289524208299,2.33086306765,-7.3140457139,-7.03821416402
484,1.36654180901,0.337205893923,3.60898752337,-18.5093151717,-18.3794805116
485,0,0,0.610287768169,-5.91110068868,-2.79536192105
486,2.19873313726,0.673065354187,5.26642132601,-24.1412792455,-23.1956254266
487,1.09102393982,0.266552789358,2.96386714877,-18.3109276443,-18.3003797444