site,aa,rate
1,M,0.3356
2,S,0.9127
3,L,5.9246
4,P,2.9753
5,N,0.3183
6,S,0.9312
7,S,0.0000
8,C,4.7598
9,L,6.8609
10,L,9.2419
11,E,0.0000
12,D,0.4062
13,K,2.4162
14,M,0.0000
15,C,0.7616
16,E,0.0000
17,G,2.7626
18,N,0.0000
19,K,1.4417
20,T,0.0000
21,T,1.9041
22,M,2.9336
23,A,0.6734
24,S,2.4537
25,P,3.1903
26,Q,0.7507
27,L,1.2464
28,M,2.3248
29,P,0.0000
30,L,0.5854
31,V,0.3168
32,V,0.3213
33,V,0.3122
34,L,0.0000
35,S,0.0000
36,T,2.3422
37,I,0.9807
38,C,0.2669
39,L,0.0000
40,V,0.0000
41,T,0.0000
42,V,0.0000
43,G,3.1643
44,L,0.5864
45,N,0.0000
46,L,0.5886
47,L,0.0000
48,V,0.0000
49,L,0.0000
50,Y,1.3069
51,A,0.0000
52,V,0.3165
53,R,0.7708
54,S,0.8640
55,E,0.0000
56,R,0.7786
57,K,0.0000
58,L,0.0000
59,H,0.3387
60,T,0.0000
61,V,0.0000
62,G,0.0000
63,N,0.0000
64,L,0.0000
65,Y,0.0000
66,I,0.0000
67,V,0.6435
68,S,0.0000
69,L,0.0000
70,S,0.0000
71,V,0.3134
72,A,0.0000
73,D,0.0000
74,L,0.5829
75,I,0.0000
76,V,0.0000
77,G,0.0000
78,A,0.6523
79,V,1.7566
80,V,0.0000
81,M,0.0000
82,P,0.0000
83,M,1.0632
84,N,0.3000
85,I,0.3109
86,L,1.1578
87,Y,0.0000
88,L,0.0000
89,L,7.0091
90,M,2.8561
91,S,1.4201
92,K,5.2615
93,W,1.2298
94,S,1.2830
95,L,0.0000
96,G,1.5384
97,R,0.7775
98,P,1.4235
99,L,0.5782
100,C,0.0000
101,L,0.5986
102,F,0.0000
103,W,0.0000
104,L,0.0000
105,S,0.0000
106,M,0.0000
107,D,0.0000
108,Y,0.0000
109,V,0.0000
110,A,0.0000
111,S,0.0000
112,T,0.0000
113,A,0.0000
114,S,0.0000
115,I,0.0000
116,F,0.0000
117,S,0.0000
118,V,0.0000
119,F,0.0000
120,I,0.0000
121,L,0.5834
122,C,0.0000
123,I,0.0000
124,D,0.0000
125,R,0.0000
126,Y,0.0000
127,R,0.0000
128,S,0.0000
129,V,0.3151
130,Q,0.0000
131,Q,0.0000
132,P,0.0000
133,L,0.0000
134,R,0.8255
135,Y,0.0000
136,L,0.0000
137,K,1.7391
138,Y,0.0000
139,R,0.0000
140,T,0.0000
141,K,0.0000
142,T,0.0000
143,R,0.0000
144,A,0.0000
145,S,0.5789
146,A,2.4589
147,T,0.0000
148,I,0.0000
149,L,0.5429
150,G,1.8353
151,A,0.3139
152,W,0.0000
153,F,1.2312
154,L,1.2073
155,S,0.5682
156,F,1.2625
157,L,0.0000
158,W,0.0000
159,V,1.9560
160,I,0.0000
161,P,0.0000
162,I,0.0000
163,L,1.2197
164,G,1.1712
165,W,0.0000
166,N,2.0345
167,H,1.6893
168,F,0.0000
169,M,4.8177
170,Q,4.4737
171,Q,6.9135
172,T,3.2276
173,S,2.3530
174,V,11.0044
175,R,8.1438
176,R,1.6481
177,E,3.7518
178,D,0.9603
179,K,0.4275
180,C,0.0000
181,E,0.0000
182,T,0.0000
183,D,0.0000
184,F,0.0000
185,Y,0.0000
186,D,0.7871
187,V,0.0000
188,T,0.0000
189,W,0.0000
190,F,0.0000
191,K,0.0000
192,V,2.3135
193,M,0.0000
194,T,0.0000
195,A,0.0000
196,I,0.0000
197,I,0.0000
198,N,0.0000
199,F,0.0000
200,Y,0.0000
201,L,0.0000
202,P,0.0000
203,T,0.0000
204,L,1.8816
205,L,0.0000
206,M,0.0000
207,L,0.0000
208,W,0.0000
209,F,0.0000
210,Y,0.0000
211,A,2.5006
212,K,0.8664
213,I,0.0000
214,Y,0.0000
215,K,0.8602
216,A,0.0000
217,V,0.0000
218,R,1.6263
219,Q,1.1497
220,H,0.0000
221,C,0.0000
222,Q,0.0000
223,H,0.3387
224,R,0.0000
225,E,0.8786
226,L,0.5888
227,I,1.3656
228,N,0.9336
229,R,2.4450
230,S,0.0000
231,L,0.5905
232,P,0.0000
233,S,0.8566
234,F,0.0000
235,S,0.5651
236,E,0.8688
237,I,2.9309
238,K,1.8247
239,L,3.2311
240,R,3.8129
241,P,1.6251
242,E,0.8957
243,N,0.6445
244,P,3.9076
245,K,0.4374
246,G,2.8320
247,D,4.3663
248,A,3.1489
249,K,1.1265
250,K,0.4275
251,P,2.7188
252,G,1.9313
253,K,1.3853
254,E,1.0537
255,S,0.5755
256,P,2.8459
257,W,1.9349
258,E,0.8838
259,V,1.6406
260,L,2.8041
261,K,0.0000
262,R,0.3724
263,K,2.5023
264,P,3.0999
265,K,0.9099
266,D,0.0000
267,A,1.6255
268,G,2.8347
269,G,1.4466
270,G,2.4141
271,S,3.2170
272,V,2.3879
273,L,4.0426
274,K,1.3917
275,S,2.6013
276,P,2.0024
277,S,1.0232
278,Q,2.0726
279,T,3.1915
280,P,2.8316
281,K,13.2058
282,E,0.8460
283,M,3.0013
284,K,3.3563
285,S,0.5766
286,P,0.5306
287,V,5.1999
288,V,2.3913
289,F,2.5535
290,S,0.6978
291,Q,1.1598
292,E,1.4771
293,D,1.8007
294,D,3.3094
295,R,4.9539
296,E,0.9321
297,V,2.8977
298,D,3.6074
299,K,1.3215
300,L,5.8994
301,Y,2.2504
302,C,2.4353
303,F,2.1757
304,P,1.2741
305,L,2.3377
306,D,2.5161
307,I,4.7579
308,V,1.7597
309,H,2.0096
310,M,5.0431
311,Q,2.1469
312,A,3.2729
313,A,4.7942
314,A,2.0902
315,E,1.3730
316,G,1.8963
317,S,2.1747
318,S,5.0788
319,R,2.9130
320,D,4.9599
321,Y,3.5492
322,V,5.1953
323,A,0.6435
324,V,5.8832
325,N,2.7517
326,R,1.9637
327,S,2.9529
328,H,2.4939
329,G,2.4313
330,Q,0.7902
331,L,1.4392
332,K,3.9731
333,T,3.7200
334,D,4.5251
335,E,1.7397
336,Q,1.3378
337,G,2.1756
338,L,1.2887
339,N,2.5013
340,T,2.1533
341,H,3.7661
342,G,6.0600
343,A,1.5414
344,S,2.4603
345,E,1.3552
346,I,5.5398
347,S,1.6008
348,E,0.4183
349,D,1.1608
350,Q,2.5476
351,M,1.7254
352,L,2.1463
353,G,1.5912
354,D,1.7939
355,S,1.3033
356,Q,0.8124
357,S,0.5663
358,F,3.9314
359,S,1.0312
360,R,3.7539
361,T,0.9695
362,D,1.3520
363,S,1.4274
364,D,0.9623
365,T,1.2043
366,T,2.7192
367,T,1.1061
368,E,1.6947
369,T,2.3599
370,A,2.1258
371,P,4.2426
372,G,4.1587
373,K,3.3334
374,G,3.5839
375,K,1.4949
376,L,4.8409
377,R,1.2807
378,S,0.9017
379,G,1.9065
380,S,0.5995
381,N,3.1977
382,T,1.7084
383,G,1.2410
384,L,0.0000
385,D,0.8110
386,Y,0.0000
387,I,0.3477
388,K,0.9596
389,F,4.1781
390,T,0.3075
391,W,0.0000
392,K,0.4455
393,R,0.0000
394,L,1.9290
395,R,0.0000
396,S,0.5663
397,H,0.0000
398,S,0.0000
399,R,0.3968
400,Q,0.3840
401,Y,1.3600
402,V,1.6058
403,S,0.3459
404,G,0.0000
405,L,0.5982
406,H,0.3516
407,M,2.1749
408,N,0.3119
409,R,0.0000
410,E,0.0000
411,R,0.0000
412,K,0.0000
413,A,0.0000
414,A,0.0000
415,K,0.0000
416,Q,0.0000
417,L,0.0000
418,G,0.0000
419,F,2.3114
420,I,0.0000
421,M,0.0000
422,A,0.0000
423,A,0.0000
424,F,0.0000
425,I,0.0000
426,L,1.2878
427,C,0.0000
428,W,0.0000
429,I,0.3197
430,P,0.0000
431,Y,0.0000
432,F,0.0000
433,I,0.3178
434,F,0.0000
435,F,0.0000
436,M,0.0000
437,V,0.0000
438,I,0.3196
439,A,0.0000
440,F,0.6326
441,C,0.0000
442,K,3.4477
443,N,1.7713
444,C,0.0000
445,C,1.3902
446,N,0.6342
447,E,0.8756
448,H,3.2089
449,L,0.6923
450,H,0.0000
451,M,0.0000
452,F,0.0000
453,T,0.0000
454,I,0.3223
455,W,0.0000
456,L,0.0000
457,G,0.0000
458,Y,0.0000
459,I,0.3331
460,N,0.0000
461,S,0.0000
462,T,0.0000
463,L,0.0000
464,N,0.0000
465,P,0.0000
466,L,0.0000
467,I,0.0000
468,Y,0.0000
469,P,0.0000
470,L,0.0000
471,C,0.0000
472,N,0.0000
473,E,0.0000
474,N,0.0000
475,F,0.0000
476,K,0.9087
477,K,0.0000
478,T,0.3525
479,F,0.0000
480,K,0.0000
481,R,1.9069
482,I,0.6874
483,L,0.6140
484,H,1.1397
485,I,0.0000
486,R,2.0075
487,S,0.8735
