site,rate
1,0.0000
2,0.2131
3,1.6216
4,1.2162
5,0.0000
6,0.4780
7,0.0000
8,0.0544
9,0.1947
10,0.0708
11,0.4937
12,2.4425
13,0.6006
14,1.5714
15,4.3684
16,0.7489
17,6.1271
18,0.0282
19,0.1375
20,2.0989
21,0.0000
22,1.5407
23,0.0757
24,0.0000
25,0.0453
26,0.1938
27,0.0000
28,0.1673
29,0.7481
30,0.0000
31,0.0408
32,0.0000
33,3.5336
34,0.0000
35,1.6552
36,0.5800
37,0.0390
38,0.2342
39,0.7302
40,0.3755
41,1.3988
42,1.0163
43,0.7007
44,1.0378
45,0.0000
46,0.1898
47,1.3153
48,1.6446
49,2.6567
50,2.6770
51,0.0000
52,0.0987
53,0.5158
54,3.0682
55,0.0000
56,4.3740
57,0.0000
58,0.5062
59,0.7359
60,0.2625
61,0.3228
62,0.2256
63,0.0000
64,0.2408
65,0.9625
66,2.5087
67,0.5813
68,2.2655
69,6.5718
70,0.3792
71,0.6709
72,0.8624
73,0.0785
74,0.6306
75,0.1680
76,0.2656
77,1.1245
78,0.0322
79,0.0371
80,1.0276
81,0.7238
82,0.0840
83,4.9436
84,0.1890
85,0.0638
86,1.4299
87,2.2083
88,0.6022
89,1.3694
90,0.8715
91,0.0000
92,3.5109
93,0.0000
94,1.5217
95,0.0727
96,1.9717
97,0.6683
98,0.0000
99,0.3791
100,0.0318