site,MLE,Lower,Upper
1,0,0,10000
2,0,0,10000
3,0,0,10000
4,0,0,10000
5,0,0,10000
6,0,0,10000
7,0,0,10000
8,0,0,10000
9,0,0,10000
10,0,0,10000
11,0,0,10000
12,0.821190859031,0.0455590305574,4.37485478366
13,6.20786253766,1.14553914406,10000
14,22.0231056579,2.63145030185,10000
15,1635.48224737,2.32817257185,10000
16,15.3928694655,1.75204795392,10000
17,3.12097544007,0.466381989117,123.797510604
18,3.21702837358,0.482172673818,27.3886403072
19,13.5576212004,3.07401074464,10000
20,234.75466835,5.27304840608,10000
21,20.554605616,2.41686482955,10000
22,1.29340602962,0.18468925329,10000
23,9.8097373531,1.23233296495,10000
24,206.105855748,4.66061917373,10000
25,4.22070442789,0.150236026601,39.0479343264
26,4.91058020526,0.595048107631,10000
27,52.7511551764,0.614623365763,10000
28,3.88582425254,0.686769952291,10000
29,7.06873641735,1.56400853294,10000
30,19.7212736136,4.25983870822,10000
31,20.7717531349,2.9682777042,10000
32,65.6040889631,6.6852315387,10000
33,6.08342581063,1.21494958207,10000
34,16.1842916848,2.35087579142,10000
35,6.76863573462,1.95784195049,10000
36,5.77473789232,1.64276142805,89.0338188196
37,5.10819374415,1.64715311954,104.977172676
38,2.24444121377,0.799691226672,7.42254302708
39,4.98025105075,1.77081113798,16.5525440413
40,6.00714625987,2.31727481332,10000
41,4.5999216886,1.91846341036,11.9636070957
42,4.48416378384,2.02352725235,11.8968901259
43,13.7211891521,4.11816514529,10000
44,29.3676006114,8.00766375522,10000
45,38.81522286,9.93987178358,10000
46,3.7473313129,1.81743748611,7.59125352485
47,8.90589892386,4.4319332559,20.9137513664
48,6.44539996933,3.19139298869,17.6922894042
49,11.5040248609,4.87624314319,10000
50,8.54185209051,4.81831687355,16.9169611025
51,5.1897982652,2.76033375856,9.41217571801
52,9.33968326403,3.88218131079,35.4290887232
53,230.424806919,13.1010326803,10000
54,6.63076639082,3.48887805615,19.0985967312
55,1023.0,4.51599849179,10000
56,15.7852046669,4.61577445172,10000
57,11.5786474587,6.14202666466,42.4748595391
58,9.07939967807,4.27327426412,25.9713844123
59,1.27646999822,0.861341893584,1.81466619575
60,1.8661000894,1.39102418171,2.47981835993
61,1.62216896945,1.19630568952,2.16386942308
62,6.34588416436,4.54081004956,9.44394805587
63,4.61899944956,3.37153147206,6.39826333536
64,5.08717451999,3.78201266863,6.77002560215
65,13.7645073815,5.69268774082,34.8131685555
66,5.93392561352,4.28981502783,8.1685138875
67,6.37196533071,4.70291125058,8.53941816587
68,5.16898746975,3.89233674185,6.81621848546
69,3.73129677539,2.82657109012,4.90731622172
70,5.0745988392,3.83828778401,6.68736611047
71,5.04224204341,3.91382679295,6.44927241768
72,5.93490696074,4.28886037296,8.13726624317
73,4.10276571912,2.08072023276,10000
74,3.80676975178,2.11507232401,9.55922448021
75,5.09971075492,3.79960551281,6.77332589094
76,5.70761790256,4.05978972233,7.95097952925
77,3.09947191826,2.33309488816,4.07272845534
78,1.74756846861,1.25599117795,2.38514597947
79,682.760683761,1.8968241058,10000
80,6.11395437195,3.54506536727,11.6218221894
81,5.44488244039,3.14899812313,9.50121432196
82,6.11848410684,3.84868622378,9.80658964844
83,4.81574441686,2.99495790308,8.09335426397
84,3.67869398076,2.0574588435,7.68202152468
85,6.49146032467,3.73752509838,11.2688265782
86,5.65996436447,3.16543106338,11.1982558358
87,6.18217341861,3.87410062203,10.2096945494
88,3.7083238576,2.73349746614,5.02369510776
89,4.63936275201,3.35644242957,6.2927622134
90,5.48029462996,4.11495177489,7.24067804335
91,7.2094447365,5.14203239539,10.1898722672
92,3.08458269826,2.22844570244,4.22049204276
93,3.69789440881,2.61078024832,5.28764038722
94,4.33667402893,3.22471967911,5.80727401742
95,6.83728775221,4.66730916069,10.3460438725
96,5.09300026424,3.61989216214,7.18683719491
97,7.96681765156,4.55984513515,25.191890442
98,3.07484605118,2.03920090799,4.62381760086
99,6.63232891103,4.24868393567,10.1172465979
100,2.97728876095,1.97890286031,4.33859844199
101,4.78272638529,3.09008918983,7.39365623586
102,6.00353271404,3.80281557018,10.3072059795
103,5.40572174283,3.16426321405,10.9824500927
104,3.93083263983,2.68836271303,5.83962853971
105,5.77457717368,3.89656306432,8.67579747111
106,6.36560186997,4.34646660342,9.54865084159
107,7.65445413103,4.39031924625,18.225581029
108,5.07516815854,3.21476055493,8.59865446874
109,3.96793458882,2.97023521583,5.35896182864
110,5.02143583505,3.75557637752,6.86849839784
111,5.30593390906,1.10269327545,10000
112,7.4703007455,1.0882030691,71.6193832545
113,5.96209284199,1.60494871136,10000
114,3.8849363363,0.80595683948,10000
115,101.108682861,1.5849939145,10000
116,3.77737306519,1.24722224116,10000
117,33.3266128392,0.998527038039,10000
118,682.760683761,4.25082481483,10000
119,3.99252609546,1.22494809597,10000
120,5.14442980916,1.81564308379,21.4113786336
121,682.760683761,2.15106927007,10000
122,682.760683761,2.02554873275,10000
123,36.4105634971,2.61685851308,10000
124,83.254454643,2.17873641674,10000
125,22.0423143746,3.03421026564,10000
126,8.40388297333,2.23070263722,10000
127,23.3473668451,1.5776612807,10000
128,89.1511871698,7.23160784915,10000
129,3.79288834676,3.02766705117,4.73258214351
130,3.32989625858,2.68643058781,4.1408152783
131,4.03821376577,3.1485660006,5.17469370683
132,2.33687308662,1.87999178974,2.88222812682
133,3.28451413773,2.71724662871,3.96624412662
134,50.1626896647,6.98898333465,10000
135,3.44748712696,1.24398385473,10000
136,4.82313498139,2.0377534796,20.0607799555
137,0.190587607172,0.0915596895192,0.343743042013
138,0.127944360577,0.0397192362291,0.297437511101
139,3.59130419534,2.95939850709,4.35951565486
140,1.1398099635,0.891281378011,1.43480914999
141,0,0,10000
142,0,0,10000
143,0,0,10000
144,0,0,10000
145,0,0,10000
146,0,0,10000
147,0,0,10000
148,0,0,10000
149,0,0,10000
150,0,0,10000
151,1.39929010085,1.10925329196,1.74115535129
152,0.630867644565,0.468098673888,0.82935175631
153,1.51430589571,1.2029010591,1.88072067562
154,1.66967449986,1.34947870052,2.04327911037
155,1.65931940209,1.34960745784,2.01928407581
156,1.58669142211,1.09768719815,2.24600612506
157,43.8891969572,6.84334482979,10000
158,72.5938636255,9.77795208882,10000
159,8.11737756069,1.47249507291,10000
160,12.9698180491,2.07562761701,10000
161,57.0053653533,7.83186037463,10000
162,250.465800088,12.3572184878,10000
163,37.6835086455,1.51698764285,10000
164,4916.11921117,12.7572802154,10000
165,4916.11921117,19.0246300273,10000
166,10.9427462232,1.91827896886,10000
167,4916.11921117,13.1289370915,10000
168,69.7161142006,7.08528901069,10000
169,99.7651157731,6.26070921569,10000
170,21.5953426836,3.42200497802,10000
171,3.14688600942,0.165382458897,17.8380368903
172,231.525557061,9.46770445068,10000
173,63.6525219967,3.14040219857,10000
174,55.7825190383,1.5297045351,10000
175,98.2666414945,1.57729926977,10000
176,55.7825190383,1.5297045351,10000
177,89.2743194573,1.12043231738,10000
178,682.760683761,3.30204805782,10000
179,85.5758803949,2.21131885205,10000
180,113.523750113,2.10633254923,10000
181,44.3846094523,1.88355398904,10000
182,37.3841974762,1.63176303797,10000
183,46.1921664576,2.84327975398,10000
184,85.7544186104,1.29206847502,10000
185,11.0041019944,0.535783567915,10000
186,100.296289643,2.33945052041,10000
187,120.557314189,1.23285040945,10000
188,22.9444462237,0.610207388217,10000
189,46.1921630546,2.84327975394,10000
190,5.03030118706,0.253817330191,10000
191,26.2595258633,1.01160359623,10000
192,20.2958919335,1.12706996145,10000
193,46.1921664576,2.84327975398,10000
194,14.4004054593,1.7846305138,10000
195,0,0,8.70389706397
196,37.3841974762,1.63176303797,10000
197,16.5261357542,0.687209627446,10000
198,22.5758215409,0.501026678427,10000
199,9.30578284535,0.445793376773,10000
200,88.4405504156,2.56930193206,10000
201,32.972213719,1.19326277509,10000
202,9.35351627657,0.946609190909,10000
203,4.94094583052,0.267735063769,10000
204,11.0041019944,0.535783567915,10000
205,7.36047228079,0.391088343524,10000
206,16.5261357542,0.687209627446,10000
207,18.955246182,0.854964371063,10000
208,2.85954800892,0.145147769866,10000
209,120.557314189,1.23285040945,10000
210,682.760683761,2.6093207741,10000
211,0,0,4.85790936106
212,12.2989097444,0.41911638306,10000
213,9.35351627657,0.946609190909,10000
214,44.3846096489,1.87911452803,10000
215,0,0,5.72824092686
216,93.0641783344,1.93299903872,10000
217,8.33008916282,1.00881532345,10000
218,1635.48224737,1.88414331832,10000
219,10.0653385246,1.32650299401,10000
220,256.753371466,3.00508783575,10000
221,47.385174371,5.57092602498,10000
222,9.05711013771,0.350200176625,10000
223,7.11412782604,0.971966403475,10000
224,1635.48224737,5.83342655299,10000
225,34.2530695492,1.96397494532,10000
226,1635.48224737,8.24534967948,10000
227,44.3846094523,1.88355398904,10000
228,1.18005564979,0.933483454869,1.47316185502
229,0.679378827606,0.497280055846,0.903205589286
230,2.51933977542,2.09148880437,3.01335806225
231,11.1135140803,1.54364385188,10000
232,0.900815330043,0.642066887884,1.22296559395
233,0.714129528557,0.474396416137,1.02478767456
234,0.619296757927,0.0345985817653,3.04544817596
235,0.880404955022,0.582113446049,1.26909946106
236,1.59307704546,1.28495724398,1.95395066335
237,15.0220875751,1.85767750475,10000
238,1.65667645624,0.349317269334,6.94658011906
239,2.08561645492,0.418239413473,6.9980999282
240,1.46786453034,0.257316769555,10000
241,0.25669397253,0.0137934362021,1.69127499617
242,2.09371291618,1.72006849341,2.53947592607
243,0.793044970471,0.607829035792,1.0145168758
244,2.67273974878,2.19368714492,3.23714753463
245,0.0418192541104,0.0103975511254,0.108604866472
246,0.276738403385,0.132872530057,0.499520673137
247,0.0404192761052,0.0067190690023,0.124899599984
248,0.434342658899,0.28523651948,0.629065084013
249,0.40521183218,0.161049890259,0.821289371675
250,0.145344917667,0.0663026640971,0.271338409272
251,0.024483896856,0.00406817412148,0.0756820331171
252,0.473247536806,0.326997078473,0.658466115927
253,0.657243253531,0.437937561033,0.940379909291
254,1.02303484842,0.0570983454776,7.3897368208
255,0.325865010873,0.0180270233732,1.68732948594
256,1.11297162,0.865687116197,1.40606588705
257,0.44196574869,0.32050396962,0.591576679474
258,2.39038242101,1.96602041859,2.88695464298
259,0.567032649623,0.413004067693,0.756338632773
260,0.180135654358,0.101326590203,0.292298197307
261,0.969080722207,0.765814508108,1.20928744289
262,98.4000935748,0.934069177602,10000
263,0.683768980907,0.0335976380033,10000
264,4.48590148818,0.119420823157,10000
265,4.40447233512,0.0980470230932,10000
266,1.92933091097,1.56416607359,2.3549763889
267,0.330951041132,0.165506446822,0.581647098749
268,0.293490037616,0.192302203525,0.42603388309
269,1.71955468101,1.4074938759,2.08216490685
270,1.49639831395,1.18626706252,1.86163400915
271,0.475869013466,0.339281142392,0.645741993042
272,0.186356269385,0.112851410692,0.286651167227
273,2.11942778405,1.7457621659,2.55335071902
274,1.19063673937,0.928259865921,1.50310340582
275,0.366232451421,0.246349743799,0.520365721731
276,2.24077362104,1.82219402385,2.73544929983
277,2.8135075132,2.27155428173,3.47042075327
278,0.878968407557,0.637110610941,1.17749032011
279,0.470011274157,0.30786301997,0.682898046042
280,5.69789017498,0.754484065219,10000
281,0,0,10000
282,2.69120117323,2.22769401344,3.23543308187
283,2.45466958287,2.0338486515,2.94816734849
284,0.594469225279,0.432229227479,0.794094254009
285,258.082141074,2.10959413502,10000
286,2.12153299815,1.66531048399,2.6628382204
287,2.69096761447,2.19659167874,3.27240817151
288,0.479686676346,0.321685663596,0.684203212222
289,2.72942316001,2.27510654538,3.2596888974
290,2.10951281314,1.72547385204,2.5767578235
291,1.14645173083,0.884635129674,1.46253213889
292,1.07217129611,0.851742726576,1.33261618996
293,2.52253267262,2.09928351522,3.01584083177
294,0.753656123327,0.55396856771,0.999999487607
295,0.855498564673,0.626285903943,1.13758589933
296,0.882155601185,0.677396281284,1.12598427771
297,1.29296503207,1.04337789605,1.58462903043
298,0.98712270586,0.731745982575,1.29899605103
299,2.13874112779,1.57600440929,2.83024571332
300,0.435694551636,0.308764357676,0.594713179549
301,0.688234482997,0.475719936486,0.95698619953
302,0.383727928347,0.24157597192,0.573843967183
303,0.301842808827,0.205888851637,0.424436387448
304,1.66421896482,1.31266694128,2.07685112194
305,1.66258424355,1.29293170564,2.10732968716
306,1.41679977947,1.1297596075,1.75154877224
307,0.553406978369,0.331581925384,0.857013262159
308,1.76265925224,1.38064461783,2.2188092661
309,0.7257696656,0.56415091276,0.917959523116
310,1.59750243214,1.26991708775,1.98432144451
311,0,0,10000
312,0.934289126029,0.615238079404,1.34879195713
313,78.0504130413,0.181891697161,10000
314,0,0,2.70896604579
315,6.70171595764,0.295901508179,10000
316,3.17559830773,0.132051529762,10000
317,0,0,0.664162101423
318,2.20482640599,1.79846756096,2.68801639014
319,1.24609953652,0.964373725654,1.58351900288
320,0,0,10000
321,0,0,10000
322,0,0,10000
323,0,0,10000
324,0,0,10000
325,1.50941767838,0.0743050800257,10000
326,0.696736203053,0.486353142751,0.960323600397
327,0.395337105115,0.239511802613,0.607807325999
328,1.16474394994,0.872802037809,1.51783950756
329,1.85646073066,1.47487161269,2.30747947639
330,0.779532837495,0.120395834904,3.95082944543
331,0.765090889726,0.571931889304,0.999485031409
332,0.0293991535408,0.00731210757168,0.076300198033
333,0.914838650721,0.704598255077,1.16627573435
334,0.0708134637474,0.0117688695178,0.218940070399
335,0.0366301543858,0.0060879978666,0.113247649958
336,0.115395013831,0.0557176444021,0.207012454978
337,0.259047877392,0.166926896785,0.380327581269
338,0.133048692989,0.0690121440635,0.22824629721
339,0.647787185375,0.490667226245,0.836760413445
340,0.307000094118,0.202830616297,0.442863403484
341,1.08669284924,0.822850727449,1.40656365229
342,0.455373040297,0.29014433114,0.674498957562
343,0.928042354245,0.704316921984,1.19894349591
344,4.02525155051,1.69001919015,10.3191866721
345,0.965887950175,0.748833377187,1.22381964776
346,1.38357122642,1.11269763927,1.70030163636
347,1.81201575202,1.48333948996,2.1966653347
348,1.27885499222,0.97583778536,1.64348045041
349,2.28445987645,1.87014666412,2.76433688125
350,2.80217066287,2.28311493621,3.40666591201
351,26.6053864154,0.799704450501,10000
352,3.13187409471,1.21155125422,7.63442128131
353,1.52107212854,1.19972515619,1.90451406885
354,2.84829021473,2.31162122302,3.47052407579
355,3.36673382417,1.41507944512,7.07328663478
356,3.64768632024,1.84002976658,6.7320676019
357,1.61866801563,0.632907597022,3.42018544336
358,1.20045074858,0.362515428231,3.12150985918
359,6.93662452378,1.24266498809,39.2121804353
360,12.1276703222,0.716161943392,10000
361,10.7217395107,1.72443309535,42.3542300241
362,0.611271631808,0.033594311687,3.26746522493
363,2.63619139496,0.314091193338,10.6715052998
364,0.994849386686,0.145470261037,4.45946690173
365,5.75765372869,1.33854880471,21.1278538319
366,4.42790324543,0.667792353344,18.6934582184
367,1.37159530954,1.0978335995,1.69410366186
368,0.579384481744,0.426120727904,0.768164606631
369,0.267878531973,0.147072189676,0.442326243605
370,0.713675928558,0.50528840435,0.975102119107
371,0.0831526372838,0.0330153671403,0.168807955385
372,0.189050652797,0.0751008161568,0.383451197371
373,0.00956746177869,0.000546020691536,0.0421497957683
374,1.53768538703,1.2475727213,1.87535220474
375,0.62111110375,0.42552140869,0.8724498092
376,0.333501839314,0.231742619364,0.461920113281
377,1.77907861862,1.451708275,2.16136329659
378,0.143277433833,0.0717430328977,0.251670169202
379,0.174835920519,0.06263706855,0.376411227214
380,0.154628400934,0.0827187667705,0.259708417089
381,0.913715713516,0.706785472812,1.16104037403
382,0.419867436121,0.288230058859,0.587426979876
383,0.5664241302,0.386402740128,0.796021998642
384,1.5194797922,1.22428989336,1.8659213003
385,0,0,10000
386,2.81227389238,2.24792302142,3.48868422552
387,3.32528371511,2.7279795164,4.03106827242
388,1.48103650712,1.19444757596,1.81818833668
389,0.735397620438,0.518419991057,1.008267288
390,0.300549474797,0.204968055667,0.422557135511
391,1.21218429022,0.970487785057,1.49472122509
392,3.45702122075,0.574271439084,23.4297890445
393,0,0,1.27579752411
394,6.64069606974,0.86820378584,10000
395,17.5845582649,2.51285990529,10000
396,0,0,10000
397,0,0,10000
398,0.595173119185,0.430554260724,0.798466311391
399,0.606026339155,0.372737011471,0.92144828968
400,1.01655409471,0.810750906516,1.25870495087
401,2.10996611686,1.67893344302,2.61858649241
402,1.87582786268,0.104578659116,9.64922315833
403,1.86800413579,1.48264078136,2.32177427655
404,0.272886018725,0.162494831633,0.42522395651
405,0.225639107381,0.117057686052,0.386985212814
406,1.42271923789,1.08948938039,1.82400319595
407,0.943675496783,0.713629596725,1.22393782706
408,0.19528960573,0.119924767145,0.297384743797
409,1.31786011541,1.05113738876,1.63404330435
410,0.471791125243,0.33286703209,0.646053493588
411,0.0360621066994,0.00205881743533,0.158696295998
412,0.0382165841568,0.011858349987,0.0888667669176
413,0.0138430037348,0.000789926967267,0.0610137408552
414,0.475414207911,0.19290644819,0.944115544936
415,1.2866805039,1.01150963046,1.61359586408
416,0.501635738919,0.361300991775,0.675034719806
417,0.890148556127,0.671038327831,1.15793108173
418,1.39288446361,1.1089438419,1.72836425876
419,0.638149467476,0.46779642356,0.84848820499
420,1.40079376244,1.10046256021,1.75818261929
421,1.84952625153,1.51608085573,2.23576771432
422,1.42222397877,1.13642476153,1.76024341736
423,0,0,10000
424,1.93489667943,0.141589368792,8.47291774619
425,1.91658026926,0.372221086392,9.94879824876
426,3.76739947349,0.67611949517,16.109554239
427,2.40915673737,0.473430448009,11.7904130244
428,2.04000375029,0.322422129831,7.0119531358
429,0.847228336013,0.115600766476,5.35899690152
430,5.06492903518,1.3926342416,27.9575012348
431,2.00092227444,0.372552361104,9.55414451559
432,0.824705142465,0.0483923830902,4.2772151881
433,0.852740151925,0.133997778204,3.40838578592
434,2.40096328377,0.334308910144,13.8908201748
435,5.07334596666,0.786525264257,34.5481673642
436,3.06504225522,0.877424339226,9.77097208051
437,2.54029546178,1.07060678927,5.83010900111
438,2.65114185517,1.13773037792,6.43500371749
439,2.18677922769,1.78498188497,2.65825861099
440,1.13125567734,0.886774800039,1.41966377979
441,1.18025946616,0.899847117654,1.51760339834
442,1.99824868651,1.64652126355,2.40753184453
443,1.74325491482,1.39358423107,2.15900695058
444,1.4727422502,1.15108675343,1.85638142799
445,2.72145160478,2.20248096105,3.32735436722
446,0.367705439272,0.243144245255,0.529763641469
447,1.79517476049,1.44018660373,2.21324446332
448,0.931510269115,0.69214234855,1.22627899738
449,1.26828598499,1.01648467409,1.56222939301
450,1.00658626606,0.717695720807,1.36687755431
451,0.815910956137,0.623255413856,1.04827632578
452,0.0513480469773,0.0203983224312,0.104152664531
453,0.321076445855,0.180855775655,0.520087621618
454,0.288707801504,0.194175504774,0.41027106058
455,1.37174625484,1.06148923199,1.74635117356
456,1.48269367084,1.168098747,1.85993395585
457,0.891252729922,0.698309753383,1.11935539349
458,0.215160684241,0.0535127123623,0.558271977155
459,1.04617954186,0.816185713023,1.3182652793
460,1.96262282448,1.45772770368,2.60437772637
461,0.54312109779,0.375015797687,0.756505787009
462,1.07359723895,0.836193983417,1.35504670845
463,0.992168186158,0.78503594078,1.23704091151
464,0.109685899211,0.027296170417,0.284127640797
465,0.546519016624,0.361709401456,0.786839756935
466,0.561177114509,0.371375466893,0.80765809853
467,0.0201886280838,0.00115218102058,0.0889404642416
468,0.494985357396,0.359031992146,0.662473996975
469,0.729063364627,0.537277167055,0.963256707487
470,0.412856140828,0.256952715276,0.622387008296
471,0.97173862311,0.701949901394,1.30494771533
472,1.4202333398,0.113194621111,6.99899410213
473,4.89196208834,0.842635294888,20.0691345073
474,2.64581261957,0.444811860891,11.0345687313
475,63.8342458472,8.48778721272,10000
476,3.12097544007,0.658326038145,13.765544518
477,8.95411127318,2.49909856438,37.4324297527
478,6.24786162901,1.77368465346,10000
479,15.0933538423,2.33286986195,10000
480,15.8037636563,3.00917215645,10000
481,13.5563786006,0.214924644945,10000
482,1.99226938814,0.0881757239619,10000
483,5.4184687809,0.917326862882,36.8175148201
484,2.82315784368,1.14487022638,7.15196558021
485,3.30975426315,0.990148810602,9.13205027091
486,1.5926069359,0.674140830456,3.66701353996
487,4.42838149123,1.88144718592,12.2179332938
488,2.32443015599,1.4426903435,3.62194252852
489,2.2296911006,1.61613652845,3.00368253565
490,3.21927747416,0.14559090682,10000
491,3.7917040194,0.17115615587,10000
492,0,0,10000
493,0,0,10000
494,0,0,10000
495,0,0,10000
496,0,0,10000
497,23.6502372891,0.857969642642,10000
498,1.62287490142,1.17449374812,2.18539510161
499,1.89064183319,1.39601951933,2.52444078319
500,8.66297460555,1.47903236859,10000
501,4.82951698124,1.09987455428,10000
502,4.24037079695,2.19929707416,7.49716151597
503,1.25673797003,0.986977721121,1.57754705637
504,1.02033446968,0.76007326104,1.33770772324
505,1.69464607508,1.32209225022,2.14697051474
506,1.34165372586,0.502138094117,3.19370212451
507,1.11777618792,0.872160527948,1.40972781209
508,1.37922606582,0.733629116314,2.39913206432
509,1.36943040952,0.555518484974,2.921346362
510,1.43637295445,0.603842942886,3.20756206014
511,0.719622603643,0.460056308227,1.06377096168
512,0.679381645306,0.453957868389,0.974271050206
513,0.653896614341,0.486650070264,0.856794173422
514,0.486467247016,0.334788810193,0.679541243967
515,0.445255167269,0.313004357963,0.610977705894
516,1.35148467499,1.06774699507,1.684626606
517,1.25183220674,0.999108356213,1.55072262667
518,0.324595746367,0.217255788771,0.462619077844
519,1.00565192907,0.769344661704,1.29069637387
520,0,0,22.5933357783
521,0,0,14.0698328945
522,1.22262572171,0.950912469434,1.54349773574
523,0.544918004408,0.378369079808,0.755523293898
524,0.320714581828,0.221481503805,0.446505766203
525,0,0,10000
526,0,0,10000
527,0,0,10000
528,0,0,10000
529,0,0,10000
530,0,0,10000
531,0,0,10000
532,0,0,10000
533,0.847426714881,0.61948524414,1.12867850688
534,0.964657924075,0.708419313401,1.27749425344
535,0.778244566977,0.552357497824,1.0598209949
536,0.0490387258411,0.00815244449324,0.151505692268
537,1.06538374377,0.841441665054,1.33091178016
538,1.13239733571,0.860314622959,1.46124950589
539,0.494744435201,0.278914684856,0.800981722304
540,0.465262946576,0.325430785931,0.640422234564
541,3.09774463259,2.53823618694,3.7454077842
542,0.162064158988,0.0891061437292,0.267029890259
543,1.07993205083,0.867031431345,1.32847208417
544,1.71910005395,1.40720829435,2.08079579204
545,0.0138741202937,0.000791701312193,0.061151234942
546,1.84107764195,1.49681955008,2.2487871519
547,0.755168798696,0.541336584571,1.02198093748
548,0.729804770687,0.552359730196,0.944434707359
549,1.06849087845,0.788322161624,1.41119288524
550,0.996418389629,0.759443246732,1.28228972754
551,0.980861457366,0.716272080476,1.3057085865
552,1.18087223354,0.610304073391,2.03825569323
553,2.2371320468,1.75726567919,2.80781351273
554,1.53969498404,1.23890563011,1.89312029714
555,1.84821483274,1.5067607559,2.24169458776
556,0.390622574924,0.246580876171,0.58251842661
557,0.872404415949,0.666415931637,1.12102888553
558,1.35477107309,0.965311668722,1.84319749743
559,1.58053600279,1.22137877548,2.00869156314
560,8191.00000001,1.68895831191,10000
561,12.4599903293,0.647295363452,10000
562,1.5693870646,1.23747177924,1.96436936397
563,3.35642944027,2.71152168258,4.11923981489
564,1.56936558919,1.22231488123,1.98443845374
565,0,0,10000
566,0,0,10000
567,0,0,10000
568,0,0,10000
569,0,0,10000
570,2.91464000529,2.41266226064,3.50950635064
571,0.665490605097,0.496011268451,0.872256915934
572,0,0,10000
573,0,0,10000
574,0,0,10000
575,0,0,10000
576,0,0,10000
577,0,0,10000
578,0,0,10000
579,1.22222222222,0,10000
580,14.3837329002,0.228041233694,10000
581,0.539718543157,0.395731590915,0.716066902246
582,0.989674839819,0.764170122843,1.25767421677
583,0,0,10000
584,0.226257274253,0.126724124442,0.365047212125
585,1.48638005649,1.11854979241,1.93100352097
586,1.66897391463,1.35140314428,2.04529418098
587,0.767423607437,0.535434759093,1.06021076476
588,0.589110431124,0.405697059792,0.823011375188
589,1.63109847614,1.30302642558,2.0241916002
590,0.90536906599,0.689823838929,1.16599082868
591,1.68884339935,1.38129558164,2.04759642116
592,1.10302357677,0.851043500181,1.4068668262
593,1.80156099459,1.45142459532,2.22021457651
594,0,0,10000
595,0,0,10000
596,0,0,10000
597,1.61864207823,1.31606302783,1.97218504118
598,0.688347151034,0.478063617688,0.954575419575
599,18.6702103711,0.711192456427,10000
600,0.297301218996,0.189550663685,0.43999866534
601,0.856770835869,0.650297240342,1.10350519849
602,1.23810411493,0.907634083744,1.64840973935
603,0.900272021064,0.649735208477,1.2135035172
604,0.131838777377,0.0724581965357,0.217322454373
605,0.823131189371,0.618616349818,1.0721110425
606,1.03447485685,0.780382707488,1.3430232679
607,1.38290798354,1.04084797826,1.79467679112
608,4.4740652793,0.251292917076,10000
609,1.89868540669,0.145600120888,10000
610,89.4988805985,0.510414754249,10000
611,0,0,10000
612,0,0,10000
613,0,0,10000
614,0,0,10000
615,0,0,10000
616,0,0,10000
617,0,0,10000
618,0,0,10000
619,0,0,10000
620,0,0,10000
621,0,0,10000
622,0,0,10000
623,0,0,10000
624,0,0,10000
625,0,0,10000
626,0,0,10000
627,0,0,10000
628,0,0,10000
629,0,0,10000
630,0,0,10000
631,0,0,10000
632,0,0,10000
633,0,0,10000
634,0,0,10000
635,0,0,10000
636,0,0,10000
637,0,0,10000
638,1.23525340311,0.947003120544,1.58434727933
639,0.883320946196,0.683864556646,1.12035119041
640,0.778542142134,0.574579752694,1.02708941697
641,0.528973890102,0.354853049505,0.754260763301
642,1.93816735258,1.41379587113,2.59791161828
643,4.17033188241,2.98514365714,5.83367770599
644,6.83778792128,2.85984158998,18.8948132702
645,13.0535780814,5.46165167727,36.0580695977
646,15.3657223227,4.87551679971,10000
647,4.27089122144,2.0288920433,8.60426428134
648,3.86129862515,1.59447505224,11.4242621686
649,3.77563592385,1.57551636636,11.7498871883
650,2.4144288388,1.82787454967,3.16796377545
651,2.42715302572,1.86521274633,3.13937832275
652,2.35330905284,0.514218168101,10.3387172543
653,7.43348261817,1.8667328545,10000
654,2.17311691504,1.50043459019,3.05844878935
655,4.03931828262,2.83023003723,5.61229754694
656,2.69179577421,2.00332960402,3.58243686755
657,2.76769902453,1.10140342768,6.77618993027
658,2.72499339753,1.83630022036,3.94963236009
659,0.964818847029,0.619672443459,1.43493337013
660,1.83575710817,0.94066999146,3.23144740671
661,4.45412244143,2.17826587078,8.12523287918
662,3.83294128565,0.803318945385,40.6520118447
663,682.760683761,1.86365147079,10000
664,50.6525769748,0.836627736497,10000
665,10.5047982097,1.63886016167,10000
666,1.4470455677,0.0691061828239,10000
667,2.84985924601,1.42256474378,5.21434835558
668,1.84382045652,0.983901513166,3.31249332056
669,3.59766624802,2.03814184027,6.36961652196
670,3.89287594908,2.38359647004,6.23617789322
671,1.26248873125,0.676551583449,2.16988828977
672,2.34183948522,1.67536443022,3.20746248452
673,3.71420941613,1.31472304702,10000
674,5.52086435547,1.80645983005,17.3287372883
675,6.19821680909,3.06555027179,13.8004668439
676,5.99395270666,2.85982618847,17.3918445032
677,5.46953357403,2.7948630719,11.7216958861
678,5.05982321952,2.4562808973,11.6334619713
679,5.71403693318,2.69425309352,16.0780748784
680,2.88113084406,1.34263022052,6.6025963246
681,3.51103323408,2.83623648289,4.3126610537
682,1.88573049086,1.54621826634,2.2840083046
683,1.27410491249,1.00102446244,1.59736318237
684,3.13765236941,2.52716219915,3.85460796221
685,4.27089122144,0.549375003999,10000
686,1.35260057724,1.03465744711,1.73673438222
687,1.73972514137,1.41541215838,2.12018267831
688,0.814172662831,0.624946150045,1.04066002067
689,0.84123530582,0.627846898897,1.10134029287
690,1.01929712962,0.792373507373,1.29070648207
691,1.39513731121,1.10764692987,1.73156624016
692,1.51061561986,1.2303992155,1.8370524224
693,1.15850486599,0.86760301962,1.50755297465
694,1.29327788715,1.02912891884,1.60239946565
695,2.06968447295,0.168933744871,10000
696,0.743647099217,0.55118133323,0.977995791327
697,1.36404309741,1.08052570331,1.70190784991
698,0.891779402818,0.657415539396,1.17717016071
699,2.80416011825,2.32237336225,3.36273899741
700,1.44285466625,1.12451885499,1.82045605057
701,1.19274091143,0.94502793288,1.48600938649
702,1.21893016375,0.949172568427,1.53820074047
703,0.346611342466,0.240905390579,0.479911898035
704,1.94463376456,1.59031055727,2.35499815846
705,1.51220947923,1.11352500282,1.99986330085
706,1.68605267244,1.38063351803,2.03910403223
707,1.69191268469,1.38607802964,2.04892400492
708,0.816301563999,0.583868698707,1.10559395886
709,1.43256598575,1.11133113254,1.81439656417
710,1.12749929413,0.848180283157,1.46426065119
711,2.03840322433,1.63719306329,2.52489701361
712,0.138430396067,0.0718164784763,0.237400258431
713,0.266562478776,0.174948715236,0.386028139015
714,1.22887052822,0.953614725098,1.56075674345
715,0,0,10000
716,1.40345386953,1.13608678765,1.71367840408
717,0.187297319347,0.100121668696,0.314915377619
718,0.460061905104,0.264442146062,0.734901051528
719,0.570656117259,0.418136043511,0.757682884375
720,1.61574501575,1.27821073694,2.01189122874
721,0.61282847487,0.456946276851,0.802220454289
722,1.17788931898,0.918281158991,1.48858124777
723,0.575395655326,0.423495768307,0.762091037662
724,1.13611286037,0.887689383162,1.43277828779
725,0.746934978699,0.563098577683,0.970660925337
726,0.536048582863,0.380932246774,0.729364212639
727,0,0,10000
728,0,0,10000
729,0,0,10000
730,0,0,10000
731,0,0,10000
732,0,0,10000
733,0,0,10000
734,0,0,10000
735,1.15391778352,0.0692953183925,12.5660446927
736,0,0,10000
737,0,0,10000
738,2.5690235598,1.93169685242,3.36614224919
739,2.46188323172,1.90078601688,3.16214340544
740,0,0,10000
741,0,0,10000
742,0,0,10000
743,2.81362340537,0.124549626418,10000
744,18.5310649157,0.498595671886,10000
745,1.45882621179,1.0936816219,1.90760516427
746,0.867159343273,0.467181776314,1.44710482799
747,3.8544717445,2.95388629083,5.01844083811
748,2.05220566159,0.290692614916,10000
749,9.29374119262,0.875260148544,10000
750,0.358614935711,0.0196293569513,2.90308311245
751,1.69931146469,0.0892113719521,10000
752,2.20546598311,1.53225270576,3.08732903386
753,22.1867292556,1.36142284171,10000
754,7.55478941774,2.03431278639,10000
755,2.17588960927,1.62590624101,2.87555202832
756,1.81362771046,1.33952146595,2.40790108586
757,1.53482498272,1.00589104864,2.24265863905
758,2.60875741699,1.93746091487,3.48633376983
759,1.88650489974,1.35749009124,2.58256740068
760,2.66392204047,1.96338141349,3.55442566263
761,2.70738052975,2.05673103952,3.50696245712
762,2.1826397325,1.70625807228,2.75826959826
763,1.75002206956,1.43442951965,2.11565597855
764,1.51543165593,0.992225113205,2.19694185747
765,1.84804417501,1.50946168761,2.25247291091
766,0.791645612498,0.595894885314,1.02837571542
767,1.34906895368,1.05933579802,1.69593864209
768,0.667169016959,0.497662704747,0.874580505096
769,1.9514458784,1.49975357461,2.48881790243
770,0.314625427789,0.206448373764,0.455796678048
771,1.13440722393,0.0502375312191,10000
772,1.26687167296,0.983803829555,1.60623022182
773,2.49130099078,1.90801267765,3.20288442437
774,2.06112021614,1.55921280703,2.69036732963
775,1.45175662797,1.09006801453,1.90657695439
776,1.04127599688,0.813893927969,1.30981139755
777,0.363685321394,0.245899771846,0.515230925308
778,0.440458471929,0.28589499078,0.644375193267
779,1.35957213814,1.05861242175,1.71944428205
780,1.39586745308,0.942436117506,2.00682325876
781,1.49083928497,1.18239550467,1.85577606928
782,2.25514375835,1.82580147894,2.77142089861
783,1.18791450724,0.938951434511,1.4809646154
784,1.09419898081,0.852292293719,1.38243920957
785,1.25533076035,0.97869617435,1.58594939635
786,2.15643993759,1.71851375392,2.67679185882
787,1.32868263876,1.04422066059,1.66357324246
788,0.920628508958,0.709237848902,1.1741091701
789,1.03506406176,0.773065705504,1.35450647714
790,1.02148308419,0.781432777329,1.3117977324
791,1.11926107251,0.858770007186,1.43320039577
792,1.63564450966,1.32911903273,1.99095545787
793,0.485160339181,0.31043752292,0.71541696145
794,0.949074976036,0.705770207614,1.24679572937
795,0.975211872459,0.758020224028,1.23500357099
796,0.199015730546,0.111929312452,0.322992243236
797,0.063243232357,0.0226474663568,0.136272500953
798,0.860053821347,0.67098779698,1.08479584662
799,0,0,10000
800,0,0,10000
801,0,0,10000
802,0,0,10000
803,0.8041625262,0.615870990862,1.0273063069
804,1.71301702752,1.39140571846,2.09019918449
805,0.668857041534,0.485215831436,0.896370236528
806,1.30674691122,1.03814634637,1.62297097584
807,0.949887881447,0.728328951518,1.21591705673
808,1.52896926382,1.18579826872,1.93529552337
809,1.61536618018,1.3022737436,1.97871009892
810,1.11422969602,0.835177325984,1.45389775689
811,2.97737967023,2.48470053548,3.55228841289
812,1.08068398844,0.762956967421,1.48258264714
813,0.704642871465,0.0345309531289,10000
814,0,0,10000
815,0,0,10000
816,0,0,10000
817,0.297575879139,0.137171132752,0.5490842416
818,1.80579551533,1.48335293987,2.18532217461
819,3.12285694923,2.52698184803,3.82725164191
820,1.77632359927,1.42204867673,2.19732918989
821,1.59207747658,1.24706835915,2.00566031449
822,1.83671765058,1.50304887244,2.22407695915
823,1.17133485991,0.909082686022,1.48630812511
824,1.91000182459,0.291072808745,7.80969676195
825,2.96133950566,0.623547383394,34.9900674637
826,2.36598793708,1.91997654219,2.88586498177
827,0.413141191187,0.262959141435,0.612928216107
828,0.82808729806,0.576077672647,1.14566552003
829,1.53822908359,1.0080988766,2.2413785464
830,1.14128931052,0.895906424206,1.43507857225
831,0,0,0.0673104193868
832,0.924357253515,0.726034745422,1.15793911209
833,0,0,0.6686823202
834,1.05572032399,0.821992019379,1.3351549994
835,0,0,22.7889634142
836,0,0,11.5963922549
837,0,0,22.5933357783
838,17.7468791631,1.81333046776,10000
839,1.43929862542,0.086545435273,18.1934802231
840,2.61475264502,2.049628518,3.29649097158
841,1.55522331679,1.13865329597,2.07054284694
842,0,0,15.3336511196
843,0,0,9.25969084393
844,0.966817904278,0.711831249145,1.28228722858
845,1.18567664622,0.933182977969,1.48560633166
846,1.19974204687,0.860361813153,1.62269075079
847,1.01972899404,0.802862141519,1.27497959718
848,0.712221564569,0.537925297394,0.922523151261
849,0,0,10000
850,1.69022293121,1.37790413751,2.05920319867
851,1.38731758789,1.09397815588,1.73183066776
852,1.62817894737,1.33321972091,1.97052824454
853,0.856689161203,0.652711732009,1.10135393492
854,1.07920809188,0.828762630549,1.38077587727
855,0.276767701147,0.15207333493,0.456443159112
856,0.96924802054,0.712105298078,1.2846108977
857,1.27170157352,1.01723556553,1.57184709147
858,0.542565046738,0.355873338289,0.786363131363
859,0.787138113208,0.597305349358,1.01468703942
860,0.157682976163,0.0923686760714,0.248511652001
861,0.291384483677,0.161116393739,0.477667149175
862,0.991757077268,0.753922516856,1.27810463017
863,1.00340539789,0.778130561935,1.26986717857
864,0.223730447887,0.0961281263377,0.432777840983
865,2.04141375722,1.5783057026,2.59974570647
866,0.95247234229,0.739792235894,1.20512320888
867,0.62239301188,0.46196816117,0.818944943442
868,0.703013681853,0.48712273792,0.975475702004
869,1.42319580873,1.12863458237,1.76967740693
870,1.30402618599,1.00685278742,1.65599321934
871,0.757244508499,0.568062892461,0.985782197115
872,1.45770818189,1.13682582132,1.84093471488
873,1.92100414081,1.57385813363,2.33285184124
874,2.3216655058,1.93742006026,2.76880183259
875,2.06998338366,1.63141823936,2.60239175328
876,3.06746953924,2.27793090928,4.09624380384
877,3.71054998234,1.67361524415,7.91025035717
878,2.26491725619,1.52903073172,3.26691765332
879,4.13659638623,0.951893414898,10000
880,62.6328424418,4.00247723824,10000
881,6.27655070011,2.52083598058,15.1591390921
882,3.00661503108,1.37866778755,7.27963897232
883,2.47030287774,1.12628605759,5.29842877629
884,4.45058279569,1.68123922387,19.2041061949
885,2.81047957474,1.14118532794,6.15012386543
886,2.10053579585,1.73305802472,2.53096577446
887,1.10955404111,0.861290358781,1.40514241879
888,1.69026816509,1.3900522066,2.0389295181
889,1.47268115848,1.16281612063,1.84352266664
890,2.90619912898,1.07102694836,9.60282293093
891,1.60605087347,0.616446298364,3.91599339184
892,1.3469690355,1.02305787918,1.73571719063
893,1.21320736844,0.933970292376,1.54737284463
894,0.852591130931,0.658434387127,1.08353151793
895,0.823111792595,0.606613876118,1.08882980481
896,2.11601364596,1.73179003298,2.57948067389
897,0.740618000982,0.041766637798,3.43319793964
898,0.873210357002,0.143593304537,2.79489520959
899,0.748007323854,0.562954492172,0.972974886774
900,1.47300952928,1.17493216234,1.82343271211
901,38.1495360455,0.889852011344,10000
902,1.7280633519,1.18148762607,2.44483794467
903,0.744458283324,0.519504600349,1.02811319153
904,0,0,10000
905,0,0,10000
906,0,0,10000
907,0,0,10000
908,0,0,10000
909,0,0,10000
910,1.12411018641,0.89041359946,1.39808211134
911,1.83859819321,1.44658557779,2.30259423589
912,1.7569367266,1.43472388574,2.14007640876
913,2.94971084915,2.46384518378,3.51164245395
914,0.90227748982,0.654371291069,1.20758729464
915,1.24774067071,0.993577963985,1.54624080604
916,0.575634839634,0.421802849831,0.764312342458
917,1.18080212628,0.953684213489,1.44670369715
918,0.0467662659035,0.0145108104997,0.108754253361
919,0.663752516049,0.495925184512,0.868620023287
920,0.131545235323,0.0522723346946,0.266703712189
921,0.910124293148,0.663956414956,1.21317639803
922,2.582055479,2.11797273683,3.13827565348
923,0,0,10000
924,0.0284902555301,0.00708195541816,0.0739471790285
925,0.21283620986,0.138341767286,0.310612460354
926,0.0138721621081,0.000791594667199,0.061141209516
927,0,0,10000
928,0.665826974912,0.408987155302,1.01471660622
929,1.14896328412,0.149488450753,10000
930,0.180030401774,0.101325011229,0.291898865905
931,0.817670328796,0.643926487827,1.0231625839
932,0.800060573449,0.613955513122,1.02381342726
933,0.09315899642,0.0231697222271,0.241727994888
934,0.380603636312,0.240417292435,0.566757261829
935,0.239948367206,0.131756188214,0.396098056486
936,0.464287246461,0.329888921756,0.632993660877
937,0.73157742668,0.547995991728,0.954971105021
938,2.06455257588,1.64091787423,2.56119439167
939,0.600214093065,0.456860692698,0.772348009113
940,0.296891719242,0.206207411489,0.411466715551
941,1.6722081521,1.27494477448,2.15153716717
942,2.28629360539,1.85245737795,2.79779062442
943,1.75093546671,1.42612585607,2.13951773938
944,1.58635691675,1.23455236252,2.01089215022
945,1.01175279948,0.788176599685,1.27622561308
946,1.15669733111,0.8013117698,1.60867681803
947,1.01749659487,0.810765160443,1.25942323452
948,0,0,10000
949,0,0,10000
950,0,0,10000
951,0.545509588134,0.396027400032,0.729329051188
952,0.405229960294,0.217395186628,0.678094954469
953,0,0,10000
954,0,0,10000
955,0.58114617086,0.419735227622,0.780407889653
956,1.00700114512,0.753932202829,1.31576249731
957,0.142235604017,0.0648818052664,0.265551060322
958,0.30233507899,0.173801716193,0.482886379609
959,1.03884016006,0.707743658067,1.46245320969
960,0.0204882277109,0.00116953278474,0.0901950381836
961,0,0,0.0669650029012
962,0,0,0.0669650029012
963,0.0846706406254,0.0262778867644,0.196950224295
964,0.405233952685,0.289166087922,0.549410945027
965,0.920078774432,0.713478806274,1.1688955689
966,0.243998706276,0.158590505519,0.355699883146
967,1.06587691998,0.807771181182,1.37871644611
968,0.682375842461,0.505748040564,0.897053494873
969,0.031184269432,0.00177973802638,0.137373672781
970,1.60133025349,1.30598679759,1.94797314612
971,0.255998530987,0.136969062145,0.430335262069
972,0.283627716127,0.190800633256,0.402955389488
973,1.19763125682,0.941138673868,1.50256343629
974,1.22029593671,0.980828596884,1.5001793377
975,1.15338517242,0.886820881242,1.47102222439
976,1.07574204796,0.815469446876,1.39011711704
977,0.99846830579,0.769175510304,1.27329158126
978,0.806187307738,0.53738932252,1.15484449875
979,1.56990752302,1.23707260439,1.96363162472
980,0.641714488804,0.473285291171,0.846716012088
981,1.16348713119,0.895330452971,1.48292923695
982,0.990114946381,0.64582032203,1.44316467619
983,0.882507971245,0.61236625282,1.22701720469
984,0.851298094491,0.558852999284,1.23276946418
985,1.05041756262,0.827639769327,1.31455400231
986,1.4686730983,1.12524248438,1.88288415734
987,0.264284503392,0.15739047522,0.411756749942
988,1.23229657254,0.967067844747,1.54873997551
989,1.04453684671,0.776288167735,1.37218492711
990,0.0883643280646,0.0424281993577,0.159491912789
991,0.374869737665,0.247227691204,0.542057707433
992,0,0,0.0302631756182
993,0.034847481349,0.0019885217804,0.153588977637
994,0.0350871101975,0.00200223122796,0.154637083996
995,0.437706333133,0.246309064359,0.711220984578
996,3.58384537113,0.205347143432,10000
997,8191.00000001,1.26671873394,10000
998,8.36225738847,0.303467656666,10000
999,0,0,10000
1000,0,0,10000
1001,8191.00000001,0.422239577979,10000
1002,0.0118340550851,0.000675320386871,0.0521508427849
1003,0.0813249875385,0.0252498266351,0.189027547435
1004,0.034847481349,0.0019885217804,0.153588977637
1005,0.404465688529,0.282540376153,0.558060780825
1006,1.33048358135,1.0739259278,1.62963614426
1007,0,0,10000
1008,0,0,10000
1009,0,0,10000
1010,0,0,10000
1011,0,0,10000
1012,0,0,10000
1013,0,0,10000
1014,0,0,10000
1015,0,0,10000
1016,0,0,10000
1017,0,0,10000
1018,0,0,10000
1019,0,0,10000
1020,0,0,10000
1021,0,0,10000
1022,0,0,10000
1023,0,0,10000
1024,0,0,10000
1025,0,0,10000
1026,0,0,10000
1027,0,0,10000
1028,0,0,10000
1029,0,0,10000
1030,0,0,10000
1031,0,0,10000
1032,0,0,10000
1033,0,0,10000
1034,0,0,10000
1035,0,0,10000
1036,0,0,10000
1037,0,0,10000
1038,0,0,10000
1039,0,0,10000
1040,0,0,10000
1041,0,0,10000
1042,0,0,10000
1043,0,0,10000
1044,0,0,10000
1045,0,0,10000
1046,0,0,10000
1047,0,0,10000
1048,0,0,10000
1049,0,0,10000
1050,0,0,10000
1051,0,0,10000
1052,0,0,10000
1053,0,0,10000
1054,0,0,10000
1055,0,0,10000
1056,0,0,10000
1057,0,0,10000
1058,0,0,10000
1059,0,0,10000
1060,0,0,10000
1061,0,0,10000
1062,0,0,10000
1063,0,0,10000
1064,0,0,10000
1065,0,0,10000
1066,0,0,10000
1067,0,0,10000
1068,0,0,10000
1069,0,0,10000
1070,0,0,10000
1071,0,0,10000
1072,0,0,10000
1073,0,0,10000
1074,0,0,10000
1075,0,0,10000
1076,0,0,10000
1077,0,0,10000
1078,0,0,10000
1079,0.474716603106,0.0254503291445,3.60290757235
1080,0.0735022301528,0.00419522201997,0.323712070206
1081,0.245620412248,0.123012796766,0.43153240761
1082,0.902730286453,0.705161988614,1.1373902881
1083,0,0,10000
1084,0,0,10000
1085,0,0,10000
1086,0,0,10000
1087,0,0,10000
1088,0,0,10000
1089,0.860311252441,0.633410564717,1.1376774875
1090,0.0685170405236,0.0113860623859,0.211893135619
1091,0.984415963058,0.75611259206,1.25729582773
1092,0.714129528557,0.533711828401,0.935164446081
1093,2.88946520724,2.35539127493,3.52026598814
1094,1.20364278782,0.976476450663,1.46839361649
1095,0.00828857304299,0.000473006690958,0.0365231166463
1096,0.0474322774847,0.014720861341,0.110257192948
1097,0.0484784617553,0.0173742510141,0.104310500632
1098,0.43664433304,0.305795776571,0.601655199036
1099,0.0847453229368,0.026291345351,0.197127418824
1100,0.183581877364,0.100802445018,0.303015454211
1101,0.0138549933451,0.000790612064386,0.0610665416665
1102,0.106011830865,0.037985604163,0.228178272565
1103,0.428191569904,0.294902062686,0.597509085502
1104,1.3320183092,1.04905201298,1.66701400152
1105,0.238340434221,0.136912414266,0.3810873315
1106,0.646604602618,0.460152622464,0.878495722908
1107,0.43617451576,0.307710763921,0.597273073662
1108,1.17851656767,0.871374115808,1.55199322491
1109,0.0177980517356,0.00101552534985,0.0784709296138
1110,0.752143441217,0.568496114506,0.975355701189
1111,2.87421522628,2.37891196013,3.44950359196
1112,1.70884782125,1.40315315234,2.06396770199
1113,0,0,10000
1114,1.49363450933,1.20310943094,1.83792008189
1115,0.393069470696,0.238290382496,0.603818277457
1116,0.208966019098,0.12240541396,0.329347826809
1117,0.816093480975,0.637447213611,1.02730650137
1118,0,0,10000
1119,0,0,10000
1120,0,0,10000
1121,0,0,10000
1122,0,0,10000
1123,0,0,10000
1124,0,0,10000
1125,0,0,10000
1126,0,0,10000
1127,0,0,10000
1128,0,0,10000
1129,0,0,10000
1130,0,0,10000
1131,0,0,10000
1132,0,0,10000
1133,0,0,10000
1134,0,0,10000
1135,0,0,10000
1136,0,0,10000
1137,0,0,10000
1138,0,0,10000
1139,0,0,10000
1140,0,0,10000
1141,0,0,10000
1142,0,0,10000
1143,0,0,10000
1144,0,0,10000
1145,1.625208581,1.29106251765,2.02218615862
1146,2.42040655456,2.00131321827,2.90820100743
1147,0.695509280467,0.53105117001,0.89279998479
1148,0,0,10000
1149,0,0,10000
1150,0.332078391406,0.203510467093,0.507108589158
1151,0.587168094907,0.414673031014,0.803114158726
1152,0.28674925593,0.187667539436,0.416897876052
1153,1.17934176041,0.922815208569,1.48343215114
1154,0,0,0.0669737694335
1155,0.716106108315,0.450373303829,1.07211497412
1156,0,0,0.0181535171634
1157,0,0,0.0183610366531
1158,0,0,0.0669737694335
1159,0,0,0.0669737694335
1160,0.0359136155341,0.0059682063146,0.111067121427
1161,0.0356561274222,0.00592496278035,0.110293951443
1162,0.220896748858,0.135626386694,0.336618006538
1163,0.809528947819,0.554819873081,1.13513341165
1164,0.187081602951,0.100009491493,0.314648076382
1165,0.629999249695,0.46214960989,0.83499873144
1166,1.09388302874,0.844043763327,1.39236493951
1167,0.309252351438,0.205653179471,0.443035872359
1168,0.0232871024186,0.00386971537644,0.0719662910516
1169,0.184775371481,0.0957430699257,0.317477734131
1170,0,0,0.0597466189623
1171,0.7957098552,0.599023470258,1.03339796848
1172,0,0,10000
1173,0.107979675427,0.0428550776792,0.219368971073
1174,0.775930624935,0.545332695352,1.06494206985
1175,1.00114969502,0.741450126345,1.3191505712
1176,0.226760729276,0.132670342698,0.357991634605
1177,0.499947853375,0.344730208683,0.697384515307
1178,0.659404023784,0.476355462501,0.887821122948
1179,0.597037707844,0.402302855436,0.847229312683
1180,0.75185796966,0.552318812129,0.996252306213
1181,0.0216383507657,0.0035942032519,0.0669432343886
1182,0.273322474363,0.118148145479,0.524919770078
1183,0.0216579639358,0.0035974681707,0.0670034123024
1184,1.02799724004,0.773963660528,1.33407386473
1185,0,0,0.0265371017483
1186,0.174296220309,0.0872828669984,0.30598422242
1187,0.109434732152,0.0434369021826,0.222288300232
1188,0.087840446008,0.034857966228,0.17848943924
1189,0.318437362337,0.182975379193,0.508916330305
1190,0.640855032945,0.422379197479,0.923951845425
1191,0.253513905234,0.168412022178,0.363593131724
1192,0.12721552952,0.050519420913,0.258181682939
1193,0.0124480951098,0.000710421725156,0.0548401625746
1194,0.203320637364,0.120862767576,0.317621339427
1195,0.0348313380971,0.00198760436014,0.153517061079
1196,0.777804105637,0.525956886087,1.10009416676
1197,0.352125658907,0.213502267463,0.541022951201
1198,0.0741465183965,0.00423195045508,0.326550415453
1199,1.15335679505,0.899128226779,1.45580284893
1200,0.541214948895,0.392084445197,0.725450219887
1201,0.290243231679,0.182689833038,0.434103336756
1202,0.407653791833,0.253760567189,0.614405739549
1203,0.0357590690637,0.00204079627602,0.157542774098
1204,0,0,10000
1205,0,0,10000
1206,0,0,10000
1207,0,0,10000
1208,0.575659698861,0.404885194471,0.790266662151
1209,0.733666157536,0.496174792257,1.04045211551
1210,0.944599634742,0.717123463934,1.22031971325
1211,1.01587224279,0.783161531138,1.29291048861
1212,1.10666799295,0.883937787537,1.366380491
1213,1.27121936301,1.00850336183,1.58266650383
1214,0.833536115653,0.638936083021,1.06610680341
1215,0.905516297133,0.681817526378,1.17496496324
1216,0.106050828111,0.037999679377,0.228261186926
1217,2.01936477233,1.66286151718,2.4338978187
1218,1.13334755565,0.850618676364,1.47542460507
1219,0.483541135173,0.321727415703,0.694074328578
1220,1.40578837128,1.10496131439,1.76415571865
1221,0.815035552946,0.623885059081,1.04522191215
1222,0,0,10000
1223,0,0,10000
1224,0,0,10000
1225,0,0,10000
1226,0,0,10000
1227,0,0,10000
1228,0,0,10000
1229,0,0,10000
1230,0,0,10000
1231,0,0,10000
1232,0,0,10000
1233,0,0,10000
1234,0,0,10000
1235,0,0,10000
1236,0,0,10000
1237,0,0,10000
1238,0,0,10000
1239,0,0,10000
1240,0,0,10000
1241,0,0,10000
1242,0,0,10000
1243,0,0,10000
1244,0,0,10000
1245,0,0,10000
1246,0,0,10000
1247,0,0,10000
1248,0,0,10000
1249,0,0,10000
1250,0,0,10000
1251,0,0,10000
1252,0,0,10000
1253,0,0,10000
1254,0.272674589136,0.14989124513,0.449442475292
1255,0,0,0.0181792750365
1256,0,0,0.0598392258048
1257,0.687290728414,0.489078800861,0.935161704972
1258,0.196184412013,0.089601491523,0.365536787473
1259,0.109990609923,0.0570682607726,0.188611800387
1260,0,0,10000
1261,0.683965810568,0.50774215921,0.899810003221
1262,0.95039798476,0.750323000331,1.18647062946
1263,2.48306054014,1.76886097867,3.42265297944
1264,0.971411454479,0.533134015307,1.60508330363
1265,3.08368991517,2.19086136861,4.26193165578
1266,1.84056558482,1.3097280553,2.51744926916
1267,1.63139698027,0.865638795442,2.79991259423
1268,2.74302180606,1.29105919017,5.87937276505
1269,22.5130948103,2.4215314829,10000
1270,4.13659638623,0.779964646277,29.8638896651
1271,4.88080937543,0.647715054531,22.2427401212
1272,1.42854757676,0.103612630405,6.82312383185
1273,2.21718483711,0.373098444545,17.3815355061
1274,1.66154124328,0.143482391471,10.4248344841
1275,1.41847564236,0.0728170241136,17.4757335471
1276,5.40311270045,2.75381713692,10.6815427041
1277,4.75146177371,2.65766608858,8.00212132086
1278,4.07383728208,3.35534059494,4.91589330782
1279,3.02639292468,2.39987125333,3.77150053719
1280,1.92354932096,1.54689284278,2.37432418019
1281,3.80565695757,0.705239084847,10000
1282,1.46116117925,1.17763299214,1.79206119053
1283,0.127943294582,0.0508253173116,0.259510583044
1284,0,0,0.0598392258048
1285,0.679842393898,0.494457035274,0.908202729965
1286,0.714823713144,0.53119580211,0.938211242329
1287,0.668578898004,0.469182929844,0.919694530762
1288,0.75953507123,0.564884246308,0.997296032916
1289,0.614979711156,0.442085397538,0.829321192654
1290,0.0124619981481,0.000711215021337,0.0549013399406
1291,0.604162359499,0.411124859569,0.851770138339
1292,0.0416924840561,0.0103661528154,0.108272936969
1293,0.0739514704585,0.0183826316721,0.191935650582
1294,0,0,0.0265782541161
1295,0.0140443979571,0.000801462516483,0.0618897694715
1296,0.0157798932183,0.000900279520495,0.0695984818962
1297,0.010790962104,0.000615686038222,0.04758441563
1298,0.101010164523,0.0484328298384,0.182711750983
1299,0,0,0.0598392258048
1300,0.288243664628,0.171699038771,0.44900127517
1301,0.0244761463751,0.00139691148544,0.107818840144
1302,0.117930889773,0.0631018460209,0.198081460299
1303,0.496266489688,0.319503056143,0.72968369939
1304,0,0,0.0159091811311
1305,0.889703285882,0.637609191462,1.20072889312
1306,0.569761341401,0.400975993796,0.782873866731
1307,0.15553210363,0.077829658705,0.273437356669
1308,0.751891753005,0.559262303439,0.986670315927
1309,0.352695323028,0.216281215824,0.538119214988
1310,0.0850751034264,0.0365262822286,0.164749176069
1311,1.6922919771,1.34893966082,2.09522250094
1312,1.3355755305,1.06602925248,1.65178867647
1313,1.28920174149,1.00423461144,1.62838604953
1314,2.48144217223,2.0191240968,3.02342252393
1315,1.87067644659,1.41717996177,2.44014713222
1316,1.23289555823,0.880754205452,1.67952330295
1317,3.24613326401,2.37946707754,4.36494738121
1318,2.69660599082,2.00450696876,3.60506647991
1319,5.24943547552,0.304107957652,10000
1320,1.89487684208,1.02764212185,3.22015367007
1321,0.461498326848,0.164185890692,1.00913414012
1322,1.73623275433,0.907200219612,3.02985898535
1323,0.401995013778,0.257438513951,0.593074684468
1324,2.65813736814,2.21029616649,3.17634101302
1325,0.857484797012,0.663875696456,1.0871274036
1326,0.0969075844823,0.0241191954023,0.251121489686
1327,0.845539703437,0.637532030367,1.097602346
1328,0.586747509239,0.406636399686,0.815606413021
1329,0.4831253923,0.337982619814,0.66649719922
1330,0,0,10000
1331,0.265257293699,0.155114587828,0.419083027019
1332,0.367602696203,0.251486946423,0.516457531563
1333,0.67920063808,0.502369572073,0.894867676407
1334,0.751780911743,0.56431845579,0.978134148906
1335,0.424291520567,0.309182307698,0.565958668965
1336,0.305065858486,0.189680622181,0.460517151581
1337,0.0349720204419,0.00199563039407,0.154138550964
1338,0,0,0.0470399678009
1339,0.0351339327448,0.00200486767371,0.154853161992
1340,0.819002205683,0.600907382214,1.08607014362
1341,0.139483210665,0.0432640693003,0.324583840487
1342,0.131007665773,0.0736811128431,0.212619641167
1343,0.301884029162,0.156477838404,0.518576159706
1344,0.469133493826,0.328354446422,0.645290991485
1345,1.31828124355,1.06205352379,1.61771829365
1346,0.144251685675,0.0844713777217,0.22745668978
1347,2.06959985426,1.6887738615,2.51522419717
1348,0,0,10000
1349,0,0,10000
1350,0,0,10000
1351,0,0,10000
1352,682.760683761,0.811792960653,10000
1353,2.32631410061,0.105242625225,10000
1354,37.6031887569,0.971682696813,10000
1355,0,0,2.5170656485
1356,0.156375607795,0.0878030883403,0.254400765504
1357,0.893602594283,0.687162061066,1.13988599675
1358,0.250415739713,0.155861987697,0.377517427158
1359,2.18006349493,1.76943753842,2.6612963323
1360,0.695597025048,0.509029485515,0.924790870599
1361,0.191291668926,0.105148066671,0.315357573546
1362,1.15029480135,0.904648349499,1.44422042177
1363,0,0,10000
1364,0,0,10000
1365,0,0,10000
1366,0,0,10000
1367,0,0,10000
1368,0,0,10000
1369,0,0,10000
1370,0,0,10000
1371,0,0,10000
1372,0,0,10000
1373,0,0,10000
1374,1.6625838359,1.277017363,2.12229939559
1375,1.15896428748,0.895486449927,1.47335688247
1376,0.0212882148891,0.00121484620675,0.09381000358
1377,0.992898407036,0.754420875225,1.28175355815
1378,1.37038050143,1.07013659186,1.7268559418
1379,0,0,10000
1380,0,0,10000
1381,1.34535496149,1.06628938747,1.68262317497
1382,1.15109304444,0.912111351328,1.43245814099
1383,0.809453072636,0.584666305189,1.08766267504
1384,2.49602414102,1.98737334801,3.10670722739
1385,2.00026495363,1.60272890123,2.46920961644
1386,2.58954597034,2.12855624064,3.13333011409
1387,3.17841874188,2.52393135208,3.96203394817
1388,2.63847545254,2.10189233505,3.28812763405
1389,2.7728220623,2.2411243121,3.3976422506
1390,3.31518859229,2.40218586557,4.52502856074
1391,2.92902959856,2.00374149319,4.25060886345
1392,6.82280756763,3.74312425924,13.5445783993
1393,5.60285719792,3.40520408983,9.50088828261
1394,3.90830200552,2.35933986327,6.42390018624
1395,3.06292361815,1.79825028611,5.00387803726
1396,3.54361182719,2.08399755724,6.01633510909
1397,4.05451080205,2.27787332742,6.90658997826
1398,0.415997715481,0.123718801319,1.0513936107
1399,4.73694533842,2.2692718462,8.9850584909
1400,3.09426834402,0.377019792765,10000
1401,9.11164015146,0.706348214108,10000
1402,72.0851207789,2.12373718605,10000
1403,0,0,10000
1404,0,0,10000
1405,0,0,10000
1406,0,0,10000