site,rate,lower_95_bound,upper_95_bound
1,0,0,15491.4586983
2,0,0,15491.4586983
3,2.12570142918,0.120682534397,9.77660954543
4,0,0,2.77035442373
5,3.79604641216,0.602666865911,14.9414902273
6,16.4165536236,2.10466782767,10000
7,14.0928747731,1.73325659119,10000
8,8.52546538317,1.70849480809,10000
9,3.64665737123,0.567391637144,17.1269925223
10,2.565752913,0.409712605149,9.70483398546
11,0,0,8.35826161341
12,4.01381550276,0.642210598241,14.2266977094
13,1.16623271525,0.0652639191573,5.70266989561
14,1.92689411247,0.102446608182,32.945085718
15,0,0,3.1665146803
16,0,0,3.1665146803
17,0,0,3.08970978243
18,1.79732108717,0.100669886238,8.66515091081
19,3.36188429523,0.191950950502,16.2691616451
20,6.65350660732,1.57522058384,27.5501258436
21,9.82582908578,2.14902653556,10000
22,7.84614531886,1.7695791792,10000
23,5.89473650772,0.357610075853,34.1531848057
24,8.70698048404,1.24115130263,10000
25,0,0,10000
26,0,0,11.6406659262
27,1.93239926143,0.108156330108,9.39675550831
28,1.88441006459,0.100611724272,22.9022978261
29,0,0,3.31763266381
30,1.22222222222,0,10000
31,0,0,24.3787831629
32,14.8339029386,0.621661059446,10000
33,0,0,10000
34,0,0,8.35826161341
35,476.504959265,15.7583788444,10000
36,3.66735997255,0.876649218726,19.7835442771
37,5.08802091303,1.095575974,10000
38,0,0,6.63420370154
39,11.5374689687,0.374941889452,10000
40,1.40430614988,0.0692057712248,10000
41,2.08197850291,0.29140996839,32.8051509617
42,4.24907428587,0.879108810146,10000
43,3.03289047768,0.440866561528,15.8465876292
44,4.39725582232,0.740629772575,26.8277431375
45,4.19535024076,0.526147616423,26.2877004133
46,9.23649175897,1.58655823164,10000
47,263.879759505,12.0592116382,10000
48,3.37548452193,0.745249707448,12.3700019742
49,6.56438244398,1.21480374599,10000
50,25.5720876266,4.89678871002,10000
51,6.46941720316,1.70462550774,27.6148731655
52,1.26370779331,0.199693789081,4.78025502859
53,3.40281710178,0.721476935506,30.8715104317
54,5.00594521452,1.1753426007,19.6407572949
55,1.26435896113,0.257452741768,4.25895263866
56,2.24444121377,0.380124217792,8.49080275351
57,5.37090384964,0.892256160361,40.8646707177
58,2.53169365823,0.660666200631,7.52190938373
59,3.68220930971,0.73613794384,10000
60,5.38424071296,0.793414637207,10000
61,4.78819981233,1.66206746837,18.4319238779
62,4.12176577114,1.13435936859,12.3932935673
63,2.35214977401,0.763456630692,6.15856202702
64,12.7024490245,2.04985217904,10000
65,113.101609244,5.7445171433,10000
66,13.9370032569,3.09563308742,10000
67,7.65759825129,2.37208993347,29.0497875822
68,26.0783855428,5.46922271722,10000
69,26.5046166406,4.30704324167,10000
70,4.30568211903,1.20260458019,14.3212193258
71,1.26248873125,0.445284323002,2.86413455957
72,5.25247887005,2.21601533441,11.9781048016
73,9.82821323123,3.85981828301,25.3608738501
74,6.43538389042,2.2399886485,14.3442200294
75,0.118348046877,0.0542017551051,0.219733391801
76,1.42932026035,1.16643466021,1.73435975969
77,3.72259483028,1.16083371221,27.7791225577
78,233.080117069,7.35678251175,10000
79,9.86852387158,3.00200688948,10000
80,6.46093882277,2.9149411278,10000
81,2.8033632355,1.72125346697,4.55564001781
82,5.67321909066,1.45451519868,10000
83,18.0494452855,1.70801259205,10000
84,15.1951697906,1.77712819893,10000
85,5.42376277572,1.53584240051,29.4732134956
86,2.8583376059,0.688580211329,10000
87,4.52369598175,1.19415849884,29.2425343589
88,13.1648773157,1.46509523339,10000
89,24.5995209421,1.68090819333,10000
90,4.17200287881,0.561284696356,10000
91,2.61155046448,0.414892871245,10000
92,6.98106506311,0.968536509131,10000
93,2.61795614631,0.143823544777,17.9275219435
94,22.2028925317,2.33411753348,10000
95,3.20277833877,0.36251379864,10000
96,17.6044850225,0.769095793049,10000
97,52.7755864336,2.80267351697,10000
98,73.6182919417,0.890505062942,10000
99,11.8985592363,2.0207859203,10000
100,21.6571234576,3.02998818699,10000
101,55.8592959338,2.77227751087,10000
102,657.652268503,0.806709216065,10000
103,6.92272343966,0.738646233322,10000
104,2.25161470629,0.487401568588,10000
105,105.880083332,1.78092712138,10000
106,2.74246521551,0.299893671217,10000
107,15.0126099303,2.15201407333,10000
108,1.03476211021,0.78524996073,1.33562360032
109,1.57384206805,1.25340580876,1.95090724883
110,2.53457387052,0.321682966125,10000
111,28.1209056369,0.884038252227,10000
112,4.13659638623,0.437065235491,10000
113,13.2923284852,0.605411084899,10000
114,2.14030055463,1.70431775207,2.65080907723
115,0.0122702583637,0.000700272924853,0.0540568114373
116,0,0,0.0276054719011
117,0.156520848983,0.0916530046892,0.246811843127
118,0.119912402052,0.0621685804969,0.205846532891
119,0,0,0.0474919519676
120,0,0,0.0641929891327
121,0.097391903391,0.0467387774146,0.175926567352
122,0.733565398758,0.550364233158,0.954751875617
123,0.336199466939,0.223400917108,0.483469096062
124,0.0989230383789,0.0246042240348,0.256662768256
125,1.8789016303,1.52267723119,2.29593800968
126,1.62899998714,1.31338975514,2.00058214621
127,0.0277991366804,0.00461904054024,0.0859278056381
128,0.322072920627,0.210444717409,0.467764273898
129,2.55787695529,2.11975359301,3.06587457853
130,0.960872537726,0.746472437686,1.2144036662
131,0.197078309198,0.117494582205,0.306674416807
132,0.624400268953,0.460164071186,0.82461399616
133,2.273043006,1.87644854962,2.73464533133
134,0.0953476172264,0.0408572138124,0.184710532176
135,0.851299504659,0.640792685362,1.1073987861
136,1.0631416155,0.816790441076,1.3628250723
137,0.578587530379,0.419397165811,0.774947822978
138,0.938025177946,0.512616656741,1.5603079185
139,1.54680662239,1.25540315796,1.88339511769
140,1.12539596592,0.830763475695,1.48504617298
141,1.04633924091,0.827299216075,1.30580805568
142,0.175384375211,0.0752122803159,0.339245015035
143,0.704362976032,0.522265109888,0.925632125877
144,0.131418629362,0.0758536351447,0.209138558373
145,0.343986358944,0.220110018089,0.507686999424
146,0.0850937572675,0.0338101299366,0.172538047919
147,0,0,0.0257114741913
148,0.507676810945,0.354342404627,0.70135812731
149,0.00808672042025,0.000461020080402,0.0355969409434
150,0,0,0.0274448454323
151,0,0,0.0265224434991
152,0.418162383512,0.288492560366,0.58292103902
153,1.2004810114,0.936648408319,1.5139448956
154,1.37054797333,1.07472275171,1.71406142374
155,0.49794226115,0.342758171386,0.694792940436
156,1.52353986223,1.21915240398,1.87923895859
157,1.25926258781,1.01938346268,1.53851801926
158,0.610241748169,0.438482352948,0.823705495054
159,0.583047501653,0.426680852998,0.772850220132
160,2.02968985942,1.652848444,2.47312583638
161,1.76189334932,1.43872411864,2.13642791023
162,0.373207660982,0.259249788381,0.517220070879
163,0.36129013116,0.23663043203,0.524669028109
164,1.34872449598,1.08601524414,1.65381299145
165,0.365985681547,0.240010240792,0.530660592368
166,0.307978707132,0.20122941348,0.448715865148
167,0.0138663595443,0.000791242079193,0.0611219633396
168,1.40748245075,1.11450540352,1.75305699816
169,0.143108467219,0.0763657732411,0.24133118982
170,0.762087144498,0.566402748259,1.00000434861
171,2.44115597791,2.01636275763,2.93320828479
172,0.697681721421,0.510937373236,0.928605562314
173,0.355539537946,0.190241286583,0.597164492815
174,2.31061447724,1.89487779539,2.77893892104
175,0.762430080548,0.580064351241,0.980598052738
176,0.219243171306,0.10010037931,0.409200790631
177,0.894983219889,0.682575906711,1.1502182908
178,0.499083074711,0.344919061071,0.694185531849
179,0.0467126721111,0.0144772886106,0.108877756438
180,0.0425868756464,0.010589649676,0.110570574955
181,0.587888849324,0.423281855867,0.793406809636
182,0.233846878992,0.141643752744,0.359576030329
183,0,0,0.0468132333017
184,0,0,0.0468132333017
185,0.1110971227,0.05325040285,0.200494174202
186,0.40726872838,0.285855097285,0.559872040082
187,0.926610025492,0.708492850564,1.18893185685
188,0.124835806404,0.0625178597356,0.219211118244
189,0.0139452681394,0.000795810137792,0.0614516786172
190,0.606834989773,0.458926960492,0.785036018061
191,0.64366823237,0.476835416955,0.846800963518
192,1.11731509525,0.862519886097,1.42201019123
193,0.0971984282484,0.0241483977243,0.251929619403
194,1.14531452194,0.89392238448,1.44601003522
195,0,0,0.0232013047578
196,0.298742991017,0.193564101061,0.437895255261
197,0.745533610408,0.556452420167,0.978037258267
198,2.04068189876,1.43204376487,2.81972431952
199,2.90694521286,2.15597886605,3.92283529821
200,2.53965634122,1.07109236954,10.7649636908
201,2.33832518174,1.88809765277,2.87246234542
202,394.323443757,4.31366078786,10000
203,0.558457908672,0.0281136180033,9.74028237015
204,5.7491325327,0.058759643855,10000
205,11.3767232891,0.621172814754,10000
206,19.4044797325,0.0916187907538,10000
207,2.62115620758,2.12099380935,3.20793081712
208,2.40719566478,1.97395050597,2.915541045
209,3.40441408807,2.61493376316,4.39692769606
210,6.13924880531,1.35350702905,10000
211,4.95064620565,1.90181007357,11.367645544
212,8.94173731538,3.96479276631,18.5354350258
213,2.04658822087,0.740428952078,4.47946999466
214,0.804270042139,0.0458316309148,3.55944300831
215,0.412911573701,0.0234128250193,1.87072389275
216,0,0,10000
217,0,0,10000
218,0,0,10000
219,0,0,10000
220,0,0,10000
221,0,0,10000
222,2.44481038394,1.92773287381,3.08608823585
223,4.40750403743,1.35003701133,12.2681330298
224,0.512449721017,0.370315665501,0.688288202618
225,0.255999814561,0.154888112211,0.394161438957
226,0.541404077455,0.33625996962,0.815434913544
227,1.19563069492,0.928209880035,1.51624494963
228,1.24067546286,0.979477921865,1.54740013663
229,0.313097961463,0.212028233962,0.4426544124
230,0,0,0.0468132333017
231,1.23037142954,0.966923702713,1.54221007623
232,0,0,0.16901978809
233,0.177759138318,0.110579725881,0.268148561318
234,1.99694914319,1.62537792692,2.43006259319
235,0.434313104927,0.302653497812,0.599048853835
236,0.0624741294642,0.0248078324607,0.126805445197
237,1.23412023138,0.966613894331,1.55216700192
238,1.89918403118,1.54135971858,2.32210401923
239,0.0538472202762,0.0167044543163,0.125367342782
240,0.17857120716,0.104543095468,0.281662578984
241,2.54599598024,2.10572670636,3.06091046844
242,0.66422131862,0.486700021243,0.882061113765
243,1.18121603522,0.86633127976,1.56922490624
244,0.527102796733,0.128424508936,1.46630923266
245,4.52369598175,1.32914898468,15.2060468344
246,5.53893116851,1.22235001196,39.050384078
247,0,0,1.6103976799
248,0,0,0.731394837431
249,0,0,8.48844650006
250,1.39050298388,1.08632827169,1.74856470347
251,3.51971172083,2.94157909347,4.2009202426
252,1.13915777439,0.871601602323,1.45354960048
253,7.34294308424,1.06109444345,35.5490569007
254,1.13825261391,0.896267614471,1.41634592658
255,1.8434074021,1.4902740208,2.25543224374
256,1.06513721552,0.831473273967,1.3429102509
257,1.87530222921,1.35190277678,2.53755811029
258,0.789779994463,0.59660218805,1.02281347525
259,1.18546766447,0.954966293243,1.45482767348
260,1.42074009331,1.15824620358,1.72560502251
261,4.10367093178,2.21087511707,7.74185475058
262,2.96114336274,2.16730421174,3.98182345333
263,1.36866091549,1.01395877573,1.80225625791
264,2.18721422781,0.741694418516,5.85053626383
265,3.79147207505,3.07779033467,4.64597503767
266,0,0,10000
267,0,0,10000
268,0,0,10000
269,0,0,10000
270,0,0,10000
271,2.53379807982,2.09193072066,3.0506261071
272,2.05017743719,1.64230608304,2.52754544919
273,1.53699995111,1.21050479669,1.92461794004
274,2.09683634968,1.73646410231,2.51246991592
275,2.29609889518,1.89190476527,2.76750609061
276,1.50375290056,1.19218528739,1.8735551218
277,1.85552203093,1.43189409805,2.36812461661
278,2.97119465396,2.39085388355,3.67507612698
279,1.92696517364,1.56362393104,2.3492160553
280,2.44352391045,2.00848175785,2.95694542216
281,2.45950606521,2.03341232252,2.9586455535
282,1.30356278378,0.856241319132,1.90483444579
283,3.17189231285,2.6596291789,3.76594012449
284,0.936534980845,0.716049013271,1.20424801805
285,0.982233954167,0.734415826097,1.28570154515
286,2.30838221659,1.86099969394,2.84273283997
287,2.76583758959,2.28895838657,3.32005481802
288,2.03472455562,1.47378336396,2.73100800319
289,0,0,10000
290,0,0,10000
291,0,0,10000
292,0,0,10000
293,0.390782103978,0.272859897691,0.539417789719
294,0.435220210109,0.308543344193,0.593576807216
295,0.361476507333,0.198624804745,0.5961374327
296,0.998630638468,0.76690103314,1.27686457881
297,0.0431060183831,0.0107176383198,0.111827211607
298,0.988469882221,0.70610137287,1.33944259337
299,0.245276074052,0.148543365965,0.377289248409
300,0.944686197976,0.695667826879,1.25037087128
301,0,0,0.0232013047578
302,0.0135342278584,0.000772268106069,0.0596643623388
303,0,0,0.0192058302715
304,0.131614042259,0.0658147287165,0.231645960492
305,0.915367324186,0.682155296882,1.19885660164
306,0,0,0.0468132333017
307,0.768225809675,0.572436126941,1.00556235087
308,0.276521156433,0.17393028014,0.413992835591
309,0.664395460361,0.480610507339,0.892276631102
310,2.24500522062,1.83907824858,2.71513892807
311,1.25176016518,0.174914162958,5.99949935425
312,1.83306632503,0.407859046305,7.11874224383
313,1.48767676355,0.178492061511,6.66633647677
314,2.21876211373,1.76015313491,2.76582108081
315,4.67802178608,1.16347448164,14.3238769112
316,2.70097009127,0.578691961762,10.3904700901
317,29.8184242728,0.189186721237,10000
318,0,0,10000
319,0,0,10000
320,0,0,10000
321,0,0,10000
322,1.87591523493,1.51137851885,2.3096208434
323,0.100376379414,0.0249524097276,0.260492170195
324,2.31641257672,1.89518031909,2.80799567065
325,2.43849805,0.308192557633,43.3201589362
326,0.759304715225,0.478828094939,1.1360319531
327,2.13656381324,1.35700892046,3.22617848878
328,3.98348759412,1.94149851268,9.51514627409
329,1.12749929413,0.744048454544,1.63676467736
330,1.3745848807,1.09948928817,1.69667157923
331,2.77812108754,0.844930504981,9.6893980876
332,13.654432816,4.62759419837,10000
333,3.10513304598,1.62515704573,5.62464270204
334,3.0451590019,1.41611248699,5.99827428714
335,1.84048343255,0.550405803943,4.7739088639
336,0.58450048864,0.0331448416044,2.63962773751
337,2.08103952208,0.257682551554,11.1755602633
338,1.6760971243,1.14725956664,2.35434880985
339,2.48811234707,0.148512313024,12.7785592188
340,4.08422158506,0.59895908348,10000
341,4.01255890048,0.37817705696,17.6145171953
342,6.40753664355,0.393906901509,27.9124391479
343,4.38602547757,0.673559801045,10000
344,0,0,10000
345,2.33916629887,1.80742235484,2.98737601675
346,1.20320428523,0.87136243872,1.6168670731
347,7.59251013429,2.22933496284,56.1327158136
348,3.88564075262,1.15423034713,10.4609213861
349,1.12175374762,0.177457967033,4.00942765087
350,0.717299001441,0.470046040001,1.04317720895
351,0.394806916448,0.268165919395,0.558049353928
352,0.516023683714,0.358858041061,0.714173813392
353,0.416946715857,0.292669834339,0.573121187612
354,0,0,0.0259065728833
355,0.783461873551,0.584890009278,1.02343858566
356,0,0,0.0154958592577
357,0.00808271612512,0.000461263458817,0.0356149515742
358,0.768572278513,0.59089479288,0.980124080988
359,0.310818930403,0.199636971128,0.458381020428
360,0.131346790915,0.0679806533647,0.226136303816
361,0.0326623332679,0.0101381506111,0.0759670860172
362,0.752361238317,0.558159612958,0.989142007633
363,1.64090814291,1.23832682603,2.1300216885
364,1.62871704606,1.30387323278,2.01290537284
365,0.333521506289,0.216563366988,0.487378180852
366,0.55825019856,0.392006915879,0.767038458965
367,0.548957173013,0.41800547649,0.705910461643
368,1.48902975678,1.19111566464,1.83858164625
369,0.861074517509,0.632703134916,1.14123688396
370,0.410509488858,0.24456836474,0.639387477393
371,1.11014026677,0.861460028244,1.40967795859
372,0.21878638134,0.130139099847,0.341480726094
373,0.162531621454,0.0645281392816,0.329991005128
374,0.114922039048,0.0575137053404,0.202014949934
375,0.165274512013,0.0709232209518,0.320339352045
376,0.0538298366676,0.0192861974321,0.115883581908
377,0,0,0.0233649272209
378,0,0,0.024457205864
379,0,0,0.0232013047578
380,0.338133028808,0.221317033813,0.491368444058
381,0,0,0.0468132333017
382,0.213060919569,0.0848779315073,0.429258593262
383,0.249171946498,0.163305886166,0.361012867426
384,0,0,0.0468132333017
385,0.496897510977,0.3506824409,0.679363979129
386,0.505712625693,0.36957973386,0.672724326001
387,1.22480581458,0.95738256048,1.54414873365
388,0.489686879856,0.34201287463,0.675730585164
389,0.219272514893,0.130293203797,0.342296938962
390,0.565715522238,0.399062004818,0.774724717536
391,0.140627248496,0.0703624477406,0.24728324043
392,1.40033882362,1.11153567475,1.74012532061
393,0.196302118533,0.110413399922,0.318640809307
394,0.0706205243836,0.0280057523676,0.143670445619
395,0.687048311378,0.507788399919,0.905672828143
396,1.36975921983,1.03597847475,1.77175697472
397,2.22120726447,1.82825173893,2.6768584245
398,1.95997526528,0.111983801607,12.4196360824
399,0.892986413203,0.690923665004,1.13370124622
400,2.66912970913,2.17951862417,3.26113045818
401,3.88834588991,3.18279113091,4.73102136021
402,4.2037975665,3.44769872977,5.11987353589
403,0,0,10000
404,0,0,10000
405,0.806745845549,0.617221983467,1.03345811481
406,0.269966700125,0.129600357391,0.487421940473
407,0.672315665423,0.519639674272,0.854855225825
408,0.84996016071,0.641497091881,1.1019200335
409,0.86368008463,0.64507588304,1.13472045683
410,0.853769599016,0.650911713399,1.09709671837
411,0.423793032823,0.238374883057,0.687712916716
412,1.7196259259,1.394554478,2.09888674777
413,1.87694468074,1.52041770219,2.29873094668
414,0.873595944009,0.665382081375,1.12384340877
415,0.575906526039,0.425698339089,0.758923533035
416,1.93490330785,1.57341445199,2.35561856948
417,1.07192086988,0.83911737869,1.34613359836
418,1.98436079876,1.60624467094,2.42769970143
419,0,0,0.0154958592577
420,0.0851929968403,0.0338510751823,0.172728559366
421,1.35433070407,1.03669297712,1.73564757191
422,0.012072910226,0.000689011291937,0.0531872823865
423,0,0,0.0192058302715
424,0,0,0.0632757895376
425,0.669721631129,0.433007998193,0.98054111464
426,0.0512166058369,0.0183555017403,0.110196598004
427,0.906156949235,0.658539062667,1.2123285532
428,0.765595171097,0.587710850305,0.978336446311
429,0.299513725915,0.136746282609,0.559377460258
430,0,0,0.0535007295808
431,0.44101242467,0.30377726945,0.616402304451
432,0.394128457928,0.278191022957,0.539314889769
433,0.267910864746,0.143244202127,0.450477922597
434,0.160570463852,0.0879974445927,0.26578282083
435,0.156602573431,0.0812375516181,0.268702738516
436,0.185361616853,0.101813342247,0.305893595077
437,1.21375528915,0.956753352218,1.51716487063
438,0.889011707445,0.470437416486,1.49853680238
439,0.294349264046,0.190652459699,0.43162664831
440,0.473193277347,0.329988200452,0.654267287825
441,2.96566895365,2.45500648146,3.57115161018
442,1.52857698124,1.23983254253,1.86255470198
443,6.0169160311,1.23031142406,20.5372623665
444,0.125587801897,0.0450737866012,0.269651399765
445,2.32832756649,0.257989384822,9.02416223251
446,1.7831125789,0.0983535491093,8.56681501197
447,6.43342625601,1.14415246135,31.0806741
448,0.85773573659,0.0455908949358,5.72137130571
449,6.11554557829,1.69749403091,10000
450,0,0,0.0468132333017
451,0.787386382184,0.589175940874,1.03088017981
452,2.52619384047,2.07409624372,3.06140102271
453,1.03473568039,0.813453639673,1.29669647426
454,1.20051127504,0.944267966036,1.50103368899
455,1.48447734304,1.18415607383,1.83917656454
456,2.72673062234,2.26012578141,3.27310952881
457,2.50098937691,2.03515860344,3.05360620525
458,0.0367267098162,0.00913615835672,0.0952799542273
459,2.4142026223,1.99206835461,2.90464040855
460,1.53913887885,1.23459580556,1.89766981946
461,0,0,0.024457205864
462,0.259948637119,0.168914105152,0.379508007162
463,3.29872884978,2.745221866,3.95220927372
464,0.999192865991,0.76729785148,1.28084195042
465,0.0584752978401,0.0209274274505,0.126139156989
466,0.0278863398291,0.00159125272333,0.12291955756
467,3.07613844625,2.53065830162,3.69460910141
468,1.95463732039,1.57531349983,2.40269310917
469,0.33590345513,0.21972290309,0.488633599646
470,0.109591355267,0.0500013497574,0.204534068405
471,3.01247263988,2.51470621215,3.60684331788
472,0.3355830685,0.238343323471,0.456765355069
473,3.35596309822,1.70064559788,6.47002578275
474,2.26586236323,1.8481182706,2.75601627602
475,0.275715135622,0.169275155161,0.419989995686
476,0.138406615052,0.0495814002086,0.298041492047
477,2.65302116658,2.18010961291,3.19211496919
478,0.265437310324,0.169065405913,0.393396307605
479,2.07180766234,1.64774897343,2.56989884359
480,0.672006801671,0.487056231702,0.90028563411
481,1.37205501323,1.09220063223,1.7019371063
482,6.41557501152,5.36656514218,7.6397643982
483,3.79160549954,3.08557069353,4.65019622552
484,1.24376185791,0.981608673503,1.55188946344
485,0.0138505262653,0.000790335184749,0.061053182095
486,0,0,0.0154958592577
487,1.76778291574,1.3785543498,2.23612854316
488,0.0282709849198,0.00469880881529,0.0873265893901
489,0,0,0.0232013047578
490,0.467297360266,0.319090566867,0.656935281549
491,0.427554843168,0.240686265656,0.693194559166
492,0,0,0.0272109394689
493,1.00741790767,0.782795953943,1.27352397503
494,0.133199171404,0.0689627213101,0.22915893139
495,0,0,10000
496,1.42862130204,1.1436697824,1.76316266091
497,0.919338543411,0.705402805881,1.17512710461
498,2.24470439509,1.81012537722,2.76225719268
499,2.15334034753,1.76924551103,2.61593828204
500,0.0826980233371,0.0354428949149,0.160631238395
501,0.568744526817,0.407858090745,0.768179691809
502,2.56459733756,2.11514765011,3.09434394228
503,3.39301742483,2.78600846665,4.13396820868
504,0,0,0.0272109394689
505,0.19643582277,0.114717408706,0.310964954693
506,1.71627636729,1.39565723703,2.09122331171
507,1.30022139182,1.01487587987,1.64062377295
508,0.297961251646,0.200277943267,0.423756761424
509,2.39626683806,1.96851317803,2.89684440577
510,2.08414723538,1.71434762117,2.51866418866
511,1.31715821002,1.05130239454,1.62920951877
512,0.354612946959,0.199651748159,0.574732785685
513,0.143302659992,0.0764752572652,0.241631499678
514,1.45293404575,1.14953688677,1.81741023504
515,0.571425746194,0.419395940786,0.757827559707
516,0.0115868761886,0.000660993140546,0.0511234903192
517,0.223069242521,0.13281165521,0.347670588439
518,0,0,0.0468132333017
519,0,0,0.0274448454323
520,0.243853379289,0.145258088592,0.379832466688
521,0.735397620438,0.562343650659,0.941983955457
522,0.311978883077,0.196536741719,0.466132520951
523,0,0,0.0468132333017
524,0,0,0.0468132333017
525,0.159569437131,0.0828354476245,0.273412339424
526,0,0,0.0265224434991
527,0,0,0.0205470177429
528,0,0,0.0154958592577
529,0.31119511261,0.201773113066,0.455656533172
530,0,0,0.0535007295808
531,0,0,0.0232013047578
532,0.0214500784655,0.00356398138349,0.0663090721723
533,0.186752177228,0.102671298949,0.307715200556
534,0.824383506488,0.544941180211,1.18814593013
535,1.16513602404,0.905509030551,1.4760623282
536,1.40539143076,1.12415063148,1.73672878029
537,0.306891170384,0.173013732101,0.496748385969
538,0.188662561809,0.103651578686,0.311172897222
539,1.59558133819,1.29514475028,1.9440705285
540,0.475935075639,0.342026987302,0.642053460777
541,0,0,0.022236931832
542,1.03861809956,0.79924233814,1.32423352342
543,2.98827723743,2.48244433651,3.57992249202
544,0.402988788554,0.264294620352,0.584170259872
545,0.170456387355,0.0912246579562,0.286129225488
546,2.55546489238,2.1188148768,3.06395307945
547,1.74633431564,1.40810123131,2.14157900206
548,0,0,0.0272109394689
549,0.752613668436,0.56455369295,0.980978878868
550,1.83017692071,1.48307349656,2.23746537427
551,2.11084855538,1.72319718726,2.56403985945
552,1.81416915539,1.48246285287,2.19444604077
553,1.53299892075,1.19359856462,1.9375985959
554,3.4037649229,1.13903107535,10000
555,0,0,10000